category,words
culture,art
culture,music
culture,dance
culture,theater
culture,literature
culture,film
culture,painting
culture,sculpture
culture,architecture
culture,poetry
culture,museum
culture,exhibition
culture,gallery
culture,performance
culture,opera
culture,ballet
culture,symphony
culture,jazz
culture,folklore
culture,tradition
culture,heritage
culture,customs
culture,rituals
culture,ceremonies
culture,festivals
culture,celebration
culture,cuisine
culture,cooking
culture,gastronomy
culture,culinary
culture,wine
culture,beer
culture,spirits
culture,mixology
culture,bartending
culture,winemaking
culture,vineyard
culture,brewery
culture,distillery
culture,fashion
culture,design
culture,style
culture,trends
culture,couture
culture,textiles
culture,apparel
culture,accessories
culture,jewelry
culture,cosmetics
culture,makeup
culture,hairstyling
culture,beauty
culture,skincare
culture,wellness
culture,spa
culture,meditation
culture,yoga
culture,mindfulness
culture,pilgrimage
culture,sacred
culture,religion
culture,spirituality
culture,faith
culture,belief
culture,mythology
culture,legends
culture,folklore
culture,superstition
culture,astrology
culture,astronomy
culture,astrological
culture,zodiac
culture,horoscope
culture,tarot
culture,divination
culture,psychic
culture,paranormal
culture,occult
culture,magic
culture,illusion
culture,witchcraft
culture,sorcery
culture,wizardry
culture,alchemy
culture,esoteric
culture,mysticism
culture,shamanism
culture,totem
culture,ritual
culture,symbolism
culture,artifacts
culture,antiquities
culture,archeology
culture,history
culture,ancient
culture,civilization
culture,monument
culture,landmark
culture,ruins
culture,relic
education,school
education,teacher
education,student
education,classroom
education,lesson
education,learning
education,textbook
education,exam
education,homework
education,grade
education,college
education,university
education,lecture
education,seminar
education,workshop
education,assignment
education,project
education,degree
education,diploma
education,certificate
education,study
education,research
education,library
education,lab
education,academic
education,curriculum
education,syllabus
education,subject
education,major
education,minor
education,bachelor
education,master
education,doctorate
education,thesis
education,dissertation
education,graduation
education,classmate
education,professor
education,dean
education,principal
education,counselor
education,registrar
education,academic advisor
education,campus
education,dormitory
education,scholarship
education,grant
education,financial aid
education,tuition
education,fee
education,enrollment
education,admission
education,application
education,entrance exam
education,placement test
education,extracurricular
education,club
education,organization
education,team
education,sport
education,music
education,art
education,drama
education,debate
education,science fair
education,field trip
education,study abroad
education,exchange program
education,internship
education,co-op
education,apprenticeship
education,continuing education
education,online learning
education,distance education
education,virtual classroom
education,mooc (massive open online course)
education,e-learning
education,blended learning
education,adaptive learning
education,flipped classroom
education,peer tutoring
education,academic integrity
education,plagiarism
education,citation
education,academic journal
education,peer-reviewed
education,research paper
education,conference
education,symposium
education,workshop
education,lecture series
education,graduation ceremony
education,alumni
education,networking
education,career services
education,resume
education,job interview
education,professional development
education,lifelong learning
education,educational technology
self-development,growth
self-development,improvement
self-development,progress
self-development,self-awareness
self-development,personal development
self-development,self-improvement
self-development,self-reflection
self-development,self-discovery
self-development,learning
self-development,skill-building
self-development,self-motivation
self-development,self-discipline
self-development,resilience
self-development,empowerment
self-development,confidence
self-development,self-esteem
self-development,self-confidence
self-development,goal-setting
self-development,ambition
self-development,drive
self-development,determination
self-development,persistence
self-development,grit
self-development,mindfulness
self-development,meditation
self-development,yoga
self-development,wellness
self-development,well-being
self-development,stress management
self-development,emotional intelligence
self-development,positive thinking
self-development,optimism
self-development,gratitude
self-development,mindset
self-development,adaptability
self-development,flexibility
self-development,creativity
self-development,innovation
self-development,problem-solving
self-development,critical thinking
self-development,decision-making
self-development,time management
self-development,productivity
self-development,focus
self-development,concentration
self-development,organization
self-development,planning
self-development,reflection
self-development,journaling
self-development,self-care
self-development,healthy habits
self-development,exercise
self-development,nutrition
self-development,sleep
self-development,hydration
self-development,balance
self-development,boundaries
self-development,assertiveness
self-development,communication
self-development,listening skills
self-development,empathy
self-development,relationships
self-development,networking
self-development,collaboration
self-development,leadership
self-development,influence
self-development,mentorship
self-development,coaching
self-development,role model
self-development,personal brand
self-development,career development
self-development,professional growth
self-development,skill development
self-development,continuous learning
self-development,lifelong learning
self-development,education
self-development,training
self-development,courses
self-development,workshops
self-development,seminars
self-development,conferences
self-development,webinars
self-development,podcasts
self-development,books
self-development,articles
self-development,blogs
self-development,videos
self-development,ted talks
self-development,inspirational quotes
self-development,motivational speakers
self-development,self-help
self-development,self-discovery exercises
self-development,personality assessments
self-development,strengths
self-development,weaknesses
self-development,opportunities
self-development,challenges
self-development,resilience-building activities
self-development,personal growth journey
self-development,transformation

grooming,haircut
grooming,hairstyle
grooming,shampoo
grooming,conditioner
grooming,hairbrush
grooming,comb
grooming,hair gel
grooming,hair spray
grooming,hair dye
grooming,hair treatment
grooming,beard
grooming,shaving
grooming,razor
grooming,shaving cream
grooming,beard oil
grooming,beard balm
grooming,mustache
grooming,trimming
grooming,grooming kit
grooming,barbershop
grooming,salon
grooming,stylist
grooming,barber
grooming,hair salon
grooming,beauty salon
grooming,spa
grooming,facial
grooming,skincare
grooming,cleanser
grooming,moisturizer
grooming,exfoliator
grooming,face mask
grooming,toner
grooming,serum
grooming,sunscreen
grooming,lip balm
grooming,eye cream
grooming,grooming routine
grooming,personal hygiene
grooming,bathing
grooming,showering
grooming,body wash
grooming,soap
grooming,bath sponge
grooming,loofah
grooming,towel
grooming,deodorant
grooming,antiperspirant
grooming,perfume
grooming,cologne
grooming,fragrance
grooming,scent
grooming,nail care
grooming,manicure
grooming,pedicure
grooming,nail polish
grooming,nail file
grooming,cuticle trimmer
grooming,nail clipper
grooming,nail salon
grooming,foot care
grooming,foot scrub
grooming,foot file
grooming,foot cream
grooming,callus remover
grooming,foot soak
grooming,foot massage
grooming,dental care
grooming,toothbrush
grooming,toothpaste
grooming,mouthwash
grooming,dental floss
grooming,tongue scraper
grooming,teeth whitening
grooming,breath freshener
grooming,oral hygiene
grooming,makeup
grooming,foundation
grooming,concealer
grooming,powder
grooming,blush
grooming,bronzer
grooming,highlighter
grooming,eyeshadow
grooming,eyeliner
grooming,mascara
grooming,lipstick
grooming,lip gloss
grooming,lip liner
grooming,makeup remover
grooming,brushes
grooming,sponges
grooming,applicators
grooming,beauty blender
grooming,tweezers
grooming,eyebrow grooming
grooming,eyebrow pencil
grooming,eyebrow gel
grooming,eyebrow shaping
grooming,eyebrow threading
family,parents
family,children
family,siblings
family,mother
family,father
family,son
family,daughter
family,grandparents
family,grandfather
family,grandmother
family,grandchild
family,grandson
family,granddaughter
family,aunt
family,uncle
family,niece
family,nephew
family,cousin
family,extended family
family,immediate family
family,nuclear family
family,single-parent family
family,blended family
family,adoptive family
family,foster family
family,stepfamily
family,family tree
family,family reunion
family,family traditions
family,family values
family,family bonding
family,family support
family,family love
family,family time
family,family dinner
family,family outing
family,family vacation
family,family celebration
family,family milestones
family,family responsibilities
family,family roles
family,family dynamics
family,family communication
family,family conflicts
family,family harmony
family,family unity
family,family rituals
family,family stories
family,family history
family,family lineage
family,family heritage
family,family legacy
family,family album
family,family photographs
family,family traditions
family,family values
family,family bonding
family,family support
family,family love
family,family time
family,family dinner
family,family outing
family,family vacation
family,family celebration
family,family milestones
family,family responsibilities
family,family roles
family,family dynamics
family,family communication
family,family conflicts
family,family harmony
family,family unity
family,family rituals
family,family stories
family,family history
family,family lineage
family,family heritage
family,family legacy
family,family album
family,family photographs
family,family traditions
family,family values
family,family bonding
family,family support
family,family love
family,family time
family,family dinner
family,family outing
family,family vacation
family,family celebration
family,family milestones
family,family responsibilities
family,family roles
family,family dynamics
family,family communication
family,family conflicts
family,family harmony
family,family unity
family,family rituals
family,family stories
social life,friends
social life,friendship
social life,socializing
social life,gathering
social life,party
social life,get-together
social life,reunion
social life,hangout
social life,social event
social life,social circle
social life,networking
social life,connection
social life,bonding
social life,camaraderie
social life,companionship
social life,interaction
social life,conversation
social life,communication
social life,engagement
social life,meeting
social life,mixer
social life,brunch
social life,dinner party
social life,barbecue
social life,picnic
social life,potluck
social life,happy hour
social life,clubbing
social life,night out
social life,pub
social life,bar
social life,lounge
social life,cafe
social life,coffee shop
social life,restaurant
social life,movie night
social life,game night
social life,concert
social life,festival
social life,event
social life,gathering spot
social life,socializing space
social life,gathering place
social life,social club
social life,sports club
social life,hobby group
social life,book club
social life,volunteer group
social life,community organization
social life,neighborhood association
social life,team
social life,squad
social life,crew
social life,tribe
social life,peer group
social life,inner circle
social life,close friends
social life,best friends
social life,acquaintances
social life,colleagues
social life,coworkers
social life,classmates
social life,schoolmates
social life,roommates
social life,teammates
social life,partners
social life,significant other
social life,spouse
social life,family
social life,relatives
social life,cousins
social life,siblings
social life,parents
social life,grandparents
social life,children
social life,offspring
social life,next of kin
social life,in-laws
social life,extended family
social life,kinship
social life,family reunion
social life,family gathering
social life,family dinner
social life,family outing
social life,family vacation
social life,family tradition
social life,family bond
social life,family support
social life,family values
social life,family time
social life,social support
social life,emotional support
social life,listening ear
social life,shoulder to lean on
social life,advice
social life,encouragement
social life,celebration
social life,milestone
social life,special occasion
social life,togetherness
transportation,car
transportation,vehicle
transportation,automobile
transportation,truck
transportation,motorcycle
transportation,bicycle
transportation,bike
transportation,scooter
transportation,bus
transportation,coach
transportation,van
transportation,minivan
transportation,suv (sport utility vehicle)
transportation,sedan
transportation,convertible
transportation,coupe
transportation,hatchback
transportation,station wagon
transportation,pickup truck
transportation,trailer
transportation,rv (recreational vehicle)
transportation,camper
transportation,motorhome
transportation,trailer truck
transportation,semi-truck
transportation,tanker truck
transportation,delivery truck
transportation,cargo van
transportation,ambulance
transportation,fire truck
transportation,police car
transportation,taxi
transportation,cab
transportation,ride-sharing
transportation,uber
transportation,lyft
transportation,ola
transportation,limousine
transportation,limo
transportation,airport shuttle
transportation,shuttle bus
transportation,trolley
transportation,tram
transportation,streetcar
transportation,light rail
transportation,train
transportation,subway
transportation,metro
transportation,commuter rail
transportation,high-speed rail
transportation,bullet train
transportation,monorail
transportation,cable car
transportation,gondola
transportation,ferry
transportation,water taxi
transportation,cruise ship
transportation,yacht
transportation,sailboat
transportation,speedboat
transportation,jet ski
transportation,kayak
transportation,canoe
transportation,raft
transportation,hovercraft
transportation,airplane
transportation,aircraft
transportation,helicopter
transportation,drone
transportation,glider
transportation,paraglider
transportation,hang glider
transportation,hot air balloon
transportation,blimp
transportation,zeppelin
transportation,segway
transportation,electric scooter
transportation,electric bike
transportation,electric skateboard
transportation,electric unicycle
transportation,electric car
transportation,hybrid car
transportation,hydrogen car
transportation,autonomous vehicle
transportation,self-driving car
transportation,carpool
transportation,car rental
transportation,car sharing
transportation,bike sharing
transportation,scooter sharing
transportation,public transportation
transportation,mass transit
transportation,commute
transportation,traffic
transportation,congestion
transportation,highway
transportation,freeway
transportation,toll road
transportation,expressway
transportation,lane
transportation,intersection
transportation,roundabout
documents,paperwork
documents,document
documents,paper
documents,form
documents,application
documents,contract
documents,agreement
documents,certificate
documents,license
documents,permit
documents,passport
documents,visa
documents,identification
documents,id card
documents,driver's license
documents,birth certificate
documents,marriage certificate
documents,divorce decree
documents,adoption papers
documents,social security card
documents,green card
documents,work permit
documents,residency permit
documents,citizenship certificate
documents,diploma
documents,transcript
documents,report card
documents,degree
documents,academic record
documents,enrollment form
documents,registration form
documents,insurance policy
documents,health insurance card
documents,medical records
documents,prescription
documents,referral
documents,doctor's note
documents,hospital discharge papers
documents,medical consent form
documents,advance directive
documents,power of attorney
documents,will
documents,trust document
documents,deed
documents,title
documents,lease agreement
documents,rental contract
documents,mortgage documents
documents,loan agreement
documents,promissory note
documents,invoice
documents,receipt
documents,tax return
documents,w-2 form
documents,1099 form
documents,tax deduction form
documents,tax credit form
documents,tax exemption form
documents,tax assessment
documents,tax bill
documents,tax assessment notice
documents,tax payment confirmation
documents,tax refund claim
documents,tax audit report
documents,tax appeal form
documents,bank statement
documents,account statement
documents,financial statement
documents,balance sheet
documents,income statement
documents,expense report
documents,budget
documents,pay stub
documents,employment contract
documents,offer letter
documents,non-disclosure agreement
documents,confidentiality agreement
documents,employment verification letter
documents,reference letter
documents,recommendation letter
documents,performance evaluation
documents,disciplinary action report
documents,termination letter
documents,severance agreement
documents,retirement plan document
documents,pension plan document
documents,investment agreement
documents,shareholder agreement
documents,partnership agreement
documents,non-compete agreement
documents,intellectual property agreement
documents,copyright registration
documents,patent application
documents,trademark certificate
documents,licensing agreement
documents,distribution agreement
documents,franchise agreement
documents,service agreement
documents,terms of service
documents,privacy policy
food,meal
food,dish
food,cuisine
food,recipe
food,cooking
food,baking
food,grilling
food,roasting
food,frying
food,boiling
food,steaming
food,sauteing
food,stir-frying
food,braising
food,broiling
food,marinating
food,seasoning
food,spices
food,herbs
food,condiments
food,sauce
food,dressing
food,marinade
food,garnish
food,appetizer
food,starter
food,salad
food,soup
food,main course
food,entree
food,side dish
food,vegetable
food,fruit
food,protein
food,meat
food,poultry
food,chicken
food,beef
food,pork
food,lamb
food,seafood
food,fish
food,shellfish
food,shrimp
food,crab
food,lobster
food,mussel
food,clam
food,oyster
food,scallop
food,pasta
food,noodle
food,rice
food,grain
food,bread
food,sandwich
food,wrap
food,burger
food,pizza
food,taco
food,burrito
food,quesadilla
food,sushi
food,roll
food,sashimi
food,tempura
food,curry
food,stir-fry
food,stew
food,casserole
food,risotto
food,paella
food,pilaf
food,quiche
food,omelette
food,pancake
food,waffle
food,crepe
food,frittata
food,souffle
food,mousse
food,pudding
food,custard
food,parfait
food,trifle
food,tart
food,pie
food,cake
food,cupcake
food,brownie
food,cookie
food,biscuit
food,muffin
food,donut
food,pastry
food,croissant
food,danish
food,bagel
food,pretzel
food,breadstick
food,breakfast
food,brunch
food,lunch
food,dinner
food,snack
food,dessert
food,sweet
food,savory
food,spicy
food,mild
food,tangy
food,sour
food,bitter
food,salty
food,umami
food,fresh
food,raw
food,cooked
food,grilled
food,steamed
food,baked
food,fried
food,deep-fried
food,boiled
food,poached
food,roasted
food,braised
food,smoked
food,cured
food,fermented
food,pickled
food,preserved
food,canned
food,frozen
food,dehydrated
food,dried
food,freshly-prepared
food,homemade
food,handmade
food,artisanal
food,gourmet
food,organic
food,locally-sourced
food,sustainable
food,seasonal
food,farm-fresh
food,garden-fresh
food,free-range
food,grass-fed
food,cage-free
food,ethically-sourced
food,fair trade
food,vegan
food,vegetarian
food,plant-based
food,gluten-free
food,dairy-free
food,nut-free
food,allergy-friendly
food,low-carb
food,low-fat
food,low-calorie
food,high-protein
food,high-fiber
food,low-sodium
food,sugar-free
food,keto-friendly
food,paleo-friendly
food,mediterranean
apparel,clothing
apparel,apparel
apparel,garment
apparel,fashion
apparel,style
apparel,trend
apparel,wardrobe
apparel,outfit
apparel,ensemble
apparel,attire
apparel,dress
apparel,suit
apparel,jacket
apparel,coat
apparel,shirt
apparel,blouse
apparel,t-shirt
apparel,top
apparel,sweater
apparel,cardigan
apparel,pullover
apparel,hoodie
apparel,sweatshirt
apparel,vest
apparel,tank top
apparel,camisole
apparel,polo shirt
apparel,blazer
apparel,waistcoat
apparel,tunic
apparel,skirt
apparel,dress pants
apparel,trousers
apparel,jeans
apparel,denim
apparel,leggings
apparel,shorts
apparel,capris
apparel,culottes
apparel,jumpsuit
apparel,romper
apparel,overalls
apparel,dress suit
apparel,evening gown
apparel,cocktail dress
apparel,formal attire
apparel,ball gown
apparel,wedding dress
apparel,bridesmaid dress
apparel,prom dress
apparel,quincea\F1era dress
apparel,tailored suit
apparel,business attire
apparel,casual wear
apparel,lounge wear
apparel,athleisure
apparel,activewear
apparel,workout clothes
apparel,yoga pants
apparel,sports bra
apparel,swimwear
apparel,bikini
apparel,one-piece swimsuit
apparel,swim trunks
apparel,rash guard
apparel,cover-up
apparel,beachwear
apparel,lingerie
apparel,bra
apparel,panties
apparel,thong
apparel,briefs
apparel,boxers
apparel,boxer briefs
apparel,shapewear
apparel,corset
apparel,girdle
apparel,spanx
apparel,hosiery
apparel,socks
apparel,stockings
apparel,tights
apparel,leg warmers
apparel,arm warmers
apparel,gloves
apparel,mittens
apparel,scarf
apparel,shawl
apparel,wrap
apparel,poncho
apparel,cape
apparel,hat
apparel,cap
apparel,beanie
apparel,beret
apparel,fedora
apparel,sun hat
apparel,visor
apparel,headband
apparel,hair accessory
household,home
household,house
household,residence
household,dwelling
household,abode
household,living space
household,household
household,family
household,homeowner
household,renter
household,landlord
household,tenant
household,property
household,real estate
household,mortgage
household,rent
household,lease
household,apartment
household,house
household,condominium
household,townhouse
household,duplex
household,villa
household,bungalow
household,cottage
household,manor
household,mansion
household,ranch
household,farmhouse
household,cabin
household,mobile home
household,trailer
household,studio
household,loft
household,basement
household,attic
household,bedroom
household,master bedroom
household,guest room
household,children's room
household,nursery
household,bathroom
household,shower
household,bathtub
household,toilet
household,sink
household,vanity
household,mirror
household,towel
household,toilet paper
household,soap
household,shampoo
household,conditioner
household,toothbrush
household,toothpaste
household,floss
household,bedroom
household,bed
household,mattress
household,pillow
household,blanket
household,sheet
household,comforter
household,quilt
household,closet
household,wardrobe
household,dresser
household,nightstand
household,bedside table
household,alarm clock
household,living room
household,sofa
household,couch
household,armchair
household,recliner
household,coffee table
household,end table
household,tv stand
household,entertainment center
household,bookcase
household,bookshelf
household,lamp
household,floor lamp
household,table lamp
household,desk
household,office chair
household,computer
household,printer
household,scanner
household,file cabinet
household,kitchen
household,stove
household,oven
household,microwave
household,refrigerator
household,freezer
household,dishwasher
household,sink
household,countertop
household,cabinet
festivals,celebration
festivals,festivity
festivals,event
festivals,holiday
festivals,tradition
festivals,custom
festivals,ritual
festivals,ceremony
festivals,parade
festivals,carnival
festivals,fair
festivals,fete
festivals,gathering
festivals,reunion
festivals,gala
festivals,party
festivals,ceremony
festivals,religious
festivals,cultural
festivals,national
festivals,local
festivals,international
festivals,seasonal
festivals,annual
festivals,occasion
festivals,commemoration
festivals,jubilee
festivals,mela
festivals,mardi gras
festivals,diwali
festivals,christmas
festivals,easter
festivals,hanukkah
festivals,ramadan
festivals,eid
festivals,lunar new year
festivals,thanksgiving
festivals,halloween
festivals,independence day
festivals,new year's eve
festivals,valentine's day
festivals,st. patrick's day
festivals,labor day
festivals,memorial day
festivals,veterans day
festivals,bastille day
festivals,oktoberfest
festivals,cinco de mayo
festivals,bonfire night
festivals,kwanzaa
festivals,yom kippur
festivals,rosh hashanah
festivals,passover
festivals,holi
festivals,navratri
festivals,durga puja
festivals,ganesh chaturthi
festivals,onam
festivals,pongal
festivals,baisakhi
festivals,vesak
festivals,christmas eve
festivals,new year's day
festivals,boxing day
festivals,labor day
festivals,may day
festivals,bank holiday
festivals,festival of lights
festivals,harvest festival
festivals,music festival
festivals,film festival
festivals,food festival
festivals,wine festival
festivals,beer festival
festivals,art festival
festivals,dance festival
festivals,theater festival
festivals,literature festival
festivals,fashion festival
festivals,flower festival
festivals,fruit festival
festivals,vegetable festival
festivals,folk festival
festivals,cultural festival
festivals,ethnic festival
festivals,heritage festival
festivals,street festival
festivals,fairground
festivals,midway
festivals,games
festivals,competitions
festivals,contests
festivals,performances
festivals,exhibitions
festivals,displays
festivals,fireworks
festivals,parades
festivals,processions
festivals,street parties
festivals,community events
money transfer,money transfer
money transfer,transaction
money transfer,payment
money transfer,transfer
money transfer,remittance
money transfer,wire transfer
money transfer,electronic funds transfer
money transfer,eft
money transfer,bank transfer
money transfer,direct deposit
money transfer,ach transfer
money transfer,online transfer
money transfer,mobile transfer
money transfer,digital wallet
money transfer,peer-to-peer transfer
money transfer,p2p transfer
money transfer,money order
money transfer,cashier's check
money transfer,certified check
money transfer,personal check
money transfer,cheque
money transfer,withdrawal
money transfer,deposit
money transfer,sending money
money transfer,receiving money
money transfer,sending funds
money transfer,receiving funds
money transfer,international transfer
money transfer,cross-border transfer
money transfer,domestic transfer
money transfer,instant transfer
money transfer,same-day transfer
money transfer,swift transfer
money transfer,sepa transfer
money transfer,real-time transfer
money transfer,currency exchange
money transfer,exchange rate
money transfer,forex
money transfer,foreign exchange
money transfer,conversion fee
money transfer,remittance fee
money transfer,service fee
money transfer,transfer fee
money transfer,bank fee
money transfer,commission
money transfer,fee-free transfer
money transfer,low-cost transfer
money transfer,high-cost transfer
money transfer,rapid transfer
money transfer,speedy transfer
money transfer,secure transfer
money transfer,safe transfer
money transfer,fraud protection
money transfer,authentication
money transfer,verification
money transfer,identity confirmation
money transfer,two-factor authentication
money transfer,secure socket layer (ssl)
money transfer,encryption
money transfer,password protection
money transfer,pin
money transfer,biometric authentication
money transfer,fingerprint scan
money transfer,iris scan
money transfer,face recognition
money transfer,security question
money transfer,account number
money transfer,routing number
money transfer,iban
money transfer,swift code
money transfer,bic code
money transfer,beneficiary
money transfer,sender
money transfer,recipient
money transfer,payee
money transfer,sender's bank
money transfer,recipient's bank
money transfer,intermediary bank
money transfer,correspondent bank
money transfer,payment gateway
money transfer,third-party payment processor
money transfer,payment service provider
money transfer,digital payment platform
money transfer,mobile payment app
money transfer,payment network
money transfer,settlement
money transfer,clearing
money transfer,batch processing
money transfer,real-time settlement
money transfer,delayed settlement
money transfer,payment confirmation
money transfer,transaction history
money transfer,account balance
money transfer,account statement
money transfer,account activity
money transfer,account holder
money transfer,authorized user
money transfer,account owner
money transfer,account signatory
money transfer,financial institution
investment,investment
investment,portfolio
investment,asset
investment,securities
investment,stocks
investment,bonds
investment,mutual funds
investment,exchange-traded funds (etfs)
investment,real estate
investment,property
investment,equity
investment,fixed income
investment,commodities
investment,precious metals
investment,gold
investment,silver
investment,platinum
investment,palladium
investment,oil
investment,natural gas
investment,agricultural commodities
investment,wheat
investment,corn
investment,soybeans
investment,livestock
investment,currencies
investment,foreign exchange (forex)
investment,cryptocurrency
investment,bitcoin
investment,ethereum
investment,ripple
investment,litecoin
investment,initial public offering (ipo)
investment,initial coin offering (ico)
investment,securities market
investment,stock market
investment,bond market
investment,commodity market
investment,foreign exchange market
investment,cryptocurrency market
investment,bull market
investment,bear market
investment,volatility
investment,risk
investment,return
investment,yield
investment,dividends
investment,capital gains
investment,interest
investment,coupon
investment,coupon rate
investment,maturity
investment,liquidity
investment,diversification
investment,asset allocation
investment,risk tolerance
investment,investment strategy
investment,buy-and-hold
investment,value investing
investment,growth investing
investment,income investing
investment,dividend investing
investment,momentum investing
investment,contrarian investing
investment,active investing
investment,passive investing
investment,index investing
investment,dollar-cost averaging
investment,systematic investment plan (sip)
investment,lump-sum investment
investment,systematic withdrawal plan (swp)
investment,rebalancing
investment,asset classes
investment,capital appreciation
investment,capital preservation
investment,wealth management
investment,financial planning
investment,retirement planning
investment,tax planning
investment,estate planning
investment,risk management
investment,investment advisor
investment,financial advisor
investment,brokerage
investment,investment bank
investment,fund manager
investment,hedge fund
investment,venture capital
investment,private equity
investment,angel investing
investment,crowdfunding
investment,peer-to-peer lending
investment,real estate investment trust (reit)
investment,unit trust
investment,sovereign wealth fund
investment,pension fund
investment,endowment fund
investment,annuity
investment,401(k)
investment,individual retirement account (ira)
gift,gift
gift,present
gift,presenting
gift,giving
gift,offering
gift,bestowal
gift,donation
gift,contribution
gift,token
gift,offering
gift,gesture
gift,souvenir
gift,memento
gift,keepsake
gift,trinket
tourism,tourism
tourism,travel
tourism,vacation
tourism,holiday
tourism,journey
tourism,adventure
tourism,trip
tourism,excursion
tourism,expedition
tourism,exploration
tourism,sightseeing
tourism,tour
tourism,traveler
tourism,tourist
tourism,visitor
tourism,backpacking
tourism,hiking
tourism,trekking
tourism,camping
tourism,mountaineering
tourism,climbing
tourism,cycling
tourism,biking
tourism,road trip
tourism,cruise
tourism,sailing
tourism,yachting
tourism,boating
tourism,rafting
tourism,canoeing
tourism,kayaking
tourism,snorkeling
tourism,diving
tourism,surfing
tourism,beachcombing
tourism,wildlife watching
tourism,safari
tourism,wildlife photography
tourism,birdwatching
tourism,ecotourism
tourism,nature tourism
tourism,sustainable tourism
tourism,responsible travel
tourism,cultural tourism
tourism,heritage tourism
tourism,historical sites
tourism,landmarks
tourism,monuments
tourism,museums
tourism,galleries
tourism,artifacts
tourism,archaeological sites
tourism,architecture
tourism,temples
tourism,palaces
tourism,castles
tourism,forts
tourism,ruins
tourism,churches
tourism,cathedrals
tourism,synagogues
tourism,mosques
tourism,markets
tourism,bazaars
tourism,souvenirs
tourism,handicrafts
tourism,local cuisine
tourism,street food
tourism,food tours
tourism,wine tasting
tourism,culinary experiences
tourism,cooking classes
tourism,farm visits
tourism,agrotourism
tourism,agritourism
tourism,vineyard tours
tourism,wine trails
tourism,brewery tours
tourism,beer tasting
tourism,distillery visits
tourism,spirits tasting
tourism,festivals
tourism,events
tourism,parades
tourism,carnivals
tourism,fairs
tourism,concerts
tourism,music festivals
tourism,film festivals
tourism,cultural celebrations
tourism,seasonal events
tourism,sporting events
tourism,adventure sports
tourism,extreme sports
tourism,skiing
tourism,snowboarding
tourism,snowshoeing
tourism,dog sledding
tourism,ice climbing
tourism,snowmobiling
health,health
health,wellness
health,fitness
health,well-being
health,physical health
health,mental health
health,emotional health
health,psychological health
health,holistic health
health,lifestyle
health,nutrition
health,diet
health,exercise
health,physical activity
health,workout
health,training
health,gym
health,fitness center
health,strength training
health,cardiovascular exercise
health,aerobics
health,yoga
health,pilates
health,stretching
health,flexibility
health,mobility
health,endurance
health,muscle tone
health,weightlifting
health,resistance training
health,crossfit
health,high-intensity interval training (hiit)
health,functional training
health,bodyweight exercises
health,running
health,jogging
health,walking
health,hiking
health,cycling
health,biking
health,swimming
health,water aerobics
health,team sports
health,individual sports
health,outdoor activities
health,adventure sports
health,recreation
health,relaxation
health,stress management
health,meditation
health,mindfulness
health,deep breathing
health,relaxation techniques
health,sleep
health,rest
health,recovery
health,sleep hygiene
health,sleep quality
health,sleep duration
health,circadian rhythm
health,sleep disorders
health,insomnia
health,sleep apnea
health,narcolepsy
health,parasomnias
health,nutrition
health,balanced diet
health,healthy eating
health,nutrient-dense foods
health,whole foods
health,fruits
health,vegetables
health,grains
health,protein
health,lean meats
health,poultry
health,fish
health,seafood
health,legumes
health,nuts
health,seeds
health,dairy
health,calcium
health,iron
health,vitamins
health,minerals
health,fiber
health,antioxidants
health,hydration
health,water intake
health,beverages
health,herbal tea
health,green tea
health,coffee
health,energy drinks
health,sugary drinks
health,alcohol
health,moderation
health,portion control
health,healthy habits
entertainment,entertainment
entertainment,amusement
entertainment,fun
entertainment,enjoyment
entertainment,recreation
entertainment,leisure
entertainment,pastime
entertainment,diversion
entertainment,pleasure
entertainment,entertainment industry
entertainment,performance
entertainment,show
entertainment,spectacle
entertainment,event
entertainment,concert
entertainment,theater
entertainment,play
entertainment,musical
entertainment,opera
entertainment,ballet
entertainment,dance
entertainment,performance art
entertainment,live entertainment
entertainment,stage
entertainment,screen
entertainment,movie
entertainment,film
entertainment,cinema
entertainment,motion picture
entertainment,flick
entertainment,feature film
entertainment,documentary
entertainment,short film
entertainment,indie film
entertainment,blockbuster
entertainment,box office
entertainment,premiere
entertainment,screening
entertainment,red carpet
entertainment,awards
entertainment,oscars
entertainment,emmys
entertainment,grammys
entertainment,tonys
entertainment,golden globes
entertainment,festival
entertainment,film festival
entertainment,music festival
entertainment,concert
entertainment,gig
entertainment,performance
entertainment,live music
entertainment,band
entertainment,musician
entertainment,singer
entertainment,songwriter
entertainment,composer
entertainment,artist
entertainment,dj
entertainment,playlist
entertainment,album
entertainment,single
entertainment,song
entertainment,track
entertainment,music video
entertainment,dance
entertainment,nightclub
entertainment,disco
entertainment,clubbing
entertainment,party
entertainment,rave
entertainment,nightlife
entertainment,bar
entertainment,pub
entertainment,lounge
entertainment,comedy
entertainment,stand-up comedy
entertainment,improv
entertainment,sketch comedy
entertainment,comedian
entertainment,jokes
entertainment,laughter
entertainment,humor
entertainment,funny
entertainment,satire
entertainment,parody
entertainment,spoof
entertainment,prank
entertainment,magic
entertainment,magician
entertainment,illusion
entertainment,trick
entertainment,sleight of hand
entertainment,mentalism
entertainment,escape artist
entertainment,circus
entertainment,acrobatics
entertainment,clown
entertainment,juggling
entertainment,carnival
subscription,netflix
subscription,amazon prime video
subscription,hulu
subscription,disney+
subscription,apple tv+
subscription,hbo max
subscription,youtube premium
subscription,paramount+
subscription,peacock
subscription,espn+
subscription,discovery+
subscription,crunchyroll
subscription,sling tv
subscription,fubotv
subscription,philo
subscription,tubi
subscription,crave
subscription,vudu
subscription,roku channel
subscription,imdb tv
subscription,plex
subscription,mubi
subscription,acorn tv
subscription,britbox
subscription,shudder
subscription,funimation
subscription,kanopy
subscription,sundance now
subscription,hoopla
subscription,curiositystream
