Date,Category,Description,Amount
20-09-2018,Transportation,2 Place 5 to Place 0,30
20-09-2018,Food,Idli medu Vada mix 2 plates,60
19-09-2018,subscription,1 month subscription,199
17-09-2018,subscription,Data booster pack,19
16-09-2018,Festivals,Ganesh idol,251
15-09-2018,subscription,Permanent Residence - Tata Play recharge,200
14-09-2018,Transportation,Place 2 station to Permanent Residence,50
13-09-2018,Transportation,2 Place 0 to Place 3,40
13-09-2018,Other,HBR 2 Months subscription,83
13-09-2018,Food,1kg atta,46
12-09-2018,subscription,Data booster pack,667
11-09-2018,Food,Home Food Delivery,650
11-09-2018,Food,Half lit  milk,36
10-09-2018,Food,Half lit  milk,36
08-09-2018,Family,,40
07-09-2018,Food,Half lit  milk,37
06-09-2018,Food,Amul butter,55
05-09-2018,Apparel,11 clothes ironing,77
05-09-2018,Food,Chinese Bhel,30
05-09-2018,Food,Shev Puri,40
05-09-2018,Food,2 kachori,24
05-09-2018,Food,Half lit  milk,36
05-09-2018,Food,Bread,18
03-09-2018,Family,,2000
31-08-2018,Family,,1000
31-08-2018,Gift,farewell contribution,118
31-08-2018,Food,Domino's Pizza,510.85
31-08-2018,Food,Half lit  milk,36
30-08-2018,Food,Warna Srikhand pav kg,78
30-08-2018,Household,Supermart,343
29-08-2018,Food,Baking soda,27
29-08-2018,Food,chocobar,15
29-08-2018,Food,Half lit  milk,36
27-08-2018,Food,Dahi 2 packets,20
27-08-2018,Food,2 plates poha,60
27-08-2018,Food,Khari packet,45
27-08-2018,Food,Half lit  milk,36
25-08-2018,Apparel,13 clothes ironing,91
24-08-2018,Food,Home Food Delivery,1120
24-08-2018,Food,,20
24-08-2018,Food,Half lit  milk,36
24-08-2018,Festivals,Ganpati+ navratri vargani,1000
23-08-2018,Transportation,2 Place 2 to Place 3 : Sevagram express 3AC,1305.4
23-08-2018,Transportation,2 Place 3 to Place 2 : Amritsar express 3AC,1205.4
23-08-2018,Food,Catering Service,60
22-08-2018,Food,Half lit  milk,37
21-08-2018,Food,cutting chai,12
21-08-2018,Food,Half lit  milk,36
19-08-2018,subscription,1 month subscription,199
17-08-2018,Food,Dahi 2 packets,20
17-08-2018,Food,Half lit  milk,36
16-08-2018,subscription,Permanent Residence - Tata Play recharge,157
15-08-2018,Food,Warna Srikhand half kg,290
15-08-2018,Food,M D sure 4kg atta,216
14-08-2018,Family,,30
14-08-2018,Food,Dahi,32
14-08-2018,Household,Toothpaste Patanjali,160
14-08-2018,Apparel,8 clothes ironing,56
14-08-2018,Food,Vanila family pack,115
13-08-2018,Household,5 litres can Distilled water,100
13-08-2018,Household,Brass Puja plate and diva,220
13-08-2018,Food,Half kg Lahsoon,45
13-08-2018,Household,Supermart,594
13-08-2018,Food,Vanila cup,10
13-08-2018,Food,chocobar,20
11-08-2018,Food,8 kachori,96
10-08-2018,Family,,35
06-08-2018,Beauty,hair cut,100
05-08-2018,Family,,100
05-08-2018,Food,cutting chai,10
05-08-2018,Health,eyewear Glasses payment remaining,4300
05-08-2018,Apparel,For Family,3410
05-08-2018,Transportation,Place 0 to Place 4 return,20
05-08-2018,Transportation,Current Residence to Place 0,15
05-08-2018,Family,Bows,398
03-08-2018,Family,,2000
02-08-2018,Household,Supermart,18
02-08-2018,Food,M D sure 4kg atta,216
02-08-2018,Health,eyewear Glasses advance,1000
01-08-2018,Family,,40
31-07-2018,Apparel,13 clothes ironing,91
31-07-2018,Money transfer,,30000
31-07-2018,maid,July salary,2000
31-07-2018,Food,10 melody,10
30-07-2018,Health,Glucose D(50) + flora bc (40)+cyra 20(10),100
30-07-2018,Health,,132
30-07-2018,Food,Catering Service,212
30-07-2018,Food,1 plates poha,25
29-07-2018,Food,Paneer pizza,260
29-07-2018,Transportation,Decathlon Place A to Place A station,50
29-07-2018,Transportation,Current Residence to Place 0,15
29-07-2018,Transportation,2 Place 0 to Place A returns,40
29-07-2018,Food,Medu vada 3 plate,105
28-07-2018,Family,,200
28-07-2018,Culture,2 INOX ,481.36
28-07-2018,Food,,195
28-07-2018,Household,Supermart,3750
27-07-2018,Other,Demat account charges,826
26-07-2018,Food,Toast packet,40
23-07-2018,subscription,Current Residence - Tata Play recharge,154
23-07-2018,Food,4 plates poha,100
21-07-2018,Household,Supermart,368
21-07-2018,Food,Khajur pav kg,30
21-07-2018,Food,2 Bhajipav + 2 vadapav,60
21-07-2018,Food,Toast packet,45
20-07-2018,Food,chocobar,20
20-07-2018,Food,potato 1kg,25
20-07-2018,Food,onion 1 kg,25
20-07-2018,Transportation,Ola cab - eye institute to Current Residence CHS,155
20-07-2018,Health,Cataract Medicine,87
20-07-2018,Health,Cataract Medicine,1048
19-07-2018,Food,Dahi 4 packets,40
18-07-2018,Food,M D sure 4kg atta,216
16-07-2018,Apparel,12 clothes ironing,84
16-07-2018,Household,Sony WI-C100 earphones wireless,1190
16-07-2018,Food,7 kachori,84
15-07-2018,Food,,30
15-07-2018,Food,,500
15-07-2018,Food,4 kachori,48
14-07-2018,Other,CA  - income tax filing,2000
13-07-2018,Transportation,Ola cab - eye institute to Current Residence CHS,188
13-07-2018,Health,Cataract Medicine,1358
12-07-2018,Food,6 eggs,35
11-07-2018,Food,2 bread packets,57
09-07-2018,Transportation,3.4 Lit Petrol,360
09-07-2018,Food,Toast packet,20
09-07-2018,Food,Shev bhaji sev pav kg,60
08-07-2018,Transportation,Ola cab - eye institute to Current Residence CHS,185
08-07-2018,Food,3 cutting chai,30
08-07-2018,Health,eye drop,153
08-07-2018,Health,Hospital consultation,500
08-07-2018,Transportation,Ola cab - Current Residence CHS to eye institute,130
08-07-2018,Transportation,To and Fro Cab Fare Contribution,675
07-07-2018,Transportation,Place 4 to Place 0,10
07-07-2018,Food,At restaurant,2
07-07-2018,subscription,,196
06-07-2018,Food,At restaurant,760
06-07-2018,Transportation,Park Inn Goa,100
05-07-2018,Transportation,Terminal 1 to Terminal 2,83
05-07-2018,Food,cutting chai,7
05-07-2018,Transportation,Current Residence to Place 0,15
05-07-2018,Transportation,Place 0 to Place P,20
04-07-2018,Health,Doctor Fees,100
04-07-2018,Beauty,Shaving,50
04-07-2018,Family,,350
04-07-2018,Health,2 Thyroid (1000) + cholesterol (220) + uric acid (220),1440
03-07-2018,maid,,500
03-07-2018,Food,Half lit  milk,36
03-07-2018,subscription,Current Residence - Tata Play recharge,154
02-07-2018,Household,Supermart,1595
02-07-2018,Transportation,Place 1 bridge to Current Residence 2 seats,50
02-07-2018,Transportation,2 Place 6 Stand to MS,20
02-07-2018,Household,Face towels + shampoo,626
02-07-2018,Transportation,2 Place 1 to  mall,26
02-07-2018,Transportation,Current Residence to Place 1 bus stop highway,40
01-07-2018,Culture,2 PVR ,461
01-07-2018,Transportation,2 Place 2 to Place 1 - Shree Sharma Travels,1890
01-07-2018,Food,Vadapav,15
01-07-2018,Apparel,undergarments pair of Jockey,430
01-07-2018,Apparel,clothes ironing,98
01-07-2018,Food,milk 1lit ,72
01-07-2018,Money transfer,,10000
30-06-2018,Household,Aqugurad PRV,1200
29-06-2018,Household,Tulsi plant+ pot,70
29-06-2018,Household,Math tap repair,50
29-06-2018,Household,3 bulbs 3 pencil cells,270
28-06-2018,Food,Home Food Delivery,455
28-06-2018,Food,Bhaji + vadapav + kachori+ tea,70
28-06-2018,Transportation,Vadala road to Nehru Planetarium,228
28-06-2018,Apparel,Mast & Harbour Slides,64.82
27-06-2018,Tourism,Planetarium,308.85
27-06-2018,Food,2 cups,14
27-06-2018,Household,Mobile cover real mi note pro,100
27-06-2018,Other,Shopping at Alfa,4720
27-06-2018,Household,Mouse pad,100
27-06-2018,Apparel,Purse,450
27-06-2018,Apparel,Rainy season chappal,550
27-06-2018,Transportation,Place P station to Alfa market,25
27-06-2018,Transportation,2 Place 0 to Place P return,80
27-06-2018,Transportation,2 Current Residence to Place 0,30
26-06-2018,Transportation,2 Place 0 to Current Residence,30
26-06-2018,Household,Supermart,1990
26-06-2018,Household,Aqugurad water purifier,13050
26-06-2018,Household,Umbrella handle repair,70
26-06-2018,Transportation,Place 0 to Place 4 return,20
26-06-2018,Food,2 cutting chai,20
26-06-2018,Food,Bhaji + vadapav,30
25-06-2018,Food,Home Food Delivery,320
25-06-2018,Household,Smart point,2074
24-06-2018,Transportation,2 Place 0 to Current Residence,40
24-06-2018,Food,Bread,18
24-06-2018,Food,milk 1lit ,72
24-06-2018,Health,Suppliemnts,211.75
24-06-2018,Transportation,2 Place 5 to Place 0,30
24-06-2018,subscription,Permanent Residence - Tata Play recharge,157
24-06-2018,Food,2 Vadapav 2 samosa pav,60
23-06-2018,subscription,Annual recharge,2545
23-06-2018,Transportation,,30
22-06-2018,subscription,Data booster pack,181
19-06-2018,Family,,2000
19-06-2018,subscription,Data booster pack,25
18-06-2018,subscription,Data booster pack,15
15-06-2018,subscription,Data booster pack,15
15-06-2018,Transportation,2CC Place 2 to DDR Spl Train,1213.6
11-06-2018,Food,12 eggs,84
11-06-2018,Self-development,Marathon,1407
10-06-2018,Household,Sofa covers,3000
09-06-2018,subscription,Data booster pack,667
28-05-2018,subscription,Data booster pack,25
28-05-2018,Beauty,hair cut,100
27-05-2018,Household,Soap + dahya pav kg,75
26-05-2018,Transportation,Permanent Residence to Motor Driving school,50
24-05-2018,subscription,Data booster pack,667
23-05-2018,subscription,Permanent Residence - Tata Play recharge,166
22-05-2018,Health,2 All out refill,154
21-05-2018,Family,,140
20-05-2018,Family,"Soap, shampoo, razor",122
19-05-2018,Household,flour mill,25
19-05-2018,subscription,Data booster pack,15
18-05-2018,subscription,Data booster pack,301
15-05-2018,Food,Cookies & cream family pack,135
15-05-2018,Transportation,within city,30
15-05-2018,Household,LG Washing Machine,21500
15-05-2018,Transportation,Permanent Residence to GH road,50
14-05-2018,subscription,Data booster pack,301
14-05-2018,Other,Digilock room charges,40
14-05-2018,Transportation,Place 2 station to Permanent Residence,50
14-05-2018,Food,Potato chips,15
14-05-2018,Food,2 dozens mango + 1kg litchi,1250
14-05-2018,Transportation,2 Place 0 to Place 3,40
14-05-2018,Transportation,2 Current Residence to Place 0,40
13-05-2018,Apparel,clothes ironing,77
13-05-2018,Education,Gel pen Refills,12
12-05-2018,Food,Domino's Pizza,437
12-05-2018,Food,Catering Service,70
12-05-2018,Food,4 kachori,48
12-05-2018,Food,milk 1lit ,72
11-05-2018,Food,1 packet,20
10-05-2018,Food,2 Faluda,80
09-05-2018,subscription,Mata + TOI + ET,12
09-05-2018,Food,Toast packet,45
09-05-2018,Food,Half lit  milk,36
09-05-2018,subscription,,199
08-05-2018,Food,Kaju katli half kg,500
08-05-2018,Food,milk 1lit ,72
08-05-2018,Beauty,Shaving,50
07-05-2018,Household,Handwash container2 + window cleaner,1086
07-05-2018,Transportation,Mall parking,20
07-05-2018,subscription,,515
07-05-2018,Food,Home Food Delivery,430
07-05-2018,Food,milk 1lit ,72
05-05-2018,Family,,600
04-05-2018,Household,Supermart,37
04-05-2018,Food,milk 1lit ,72
03-05-2018,Food,Bhaji + vadapav,40
02-05-2018,Food,Mango 1.5 kg,280
01-05-2018,Food,milk 1lit ,72
01-05-2018,Health,ITone eye drops,43
01-05-2018,Health,Refresh Tears Drop,122
01-05-2018,Family,,260
01-05-2018,Money transfer,,10000
30-04-2018,Food,6 kachori,72
30-04-2018,Household,Supermart,165
30-04-2018,subscription,Current Residence - Tata Play recharge,176
30-04-2018,Food,Toast packet,45
30-04-2018,Food,milk 1lit ,72
30-04-2018,Gift,To Family,500
29-04-2018,Food,2 sugarcane juice,40
28-04-2018,Food,Home Food Delivery,413
28-04-2018,Family,,500
27-04-2018,Household,Supermart,295
26-04-2018,Food,Noodles packet,30
26-04-2018,Food,milk 1lit ,72
26-04-2018,Family,,1000
25-04-2018,Food,Catering Service,70
24-04-2018,subscription,Permanent Residence - Tata Play recharge,157
23-04-2018,Household,Idli pith 1kg,38
23-04-2018,maid,,500
22-04-2018,Food,,10
22-04-2018,Household,Supermart,190
22-04-2018,Food,milk 1lit ,72
21-04-2018,Food,Naturals,160
21-04-2018,Food,Dahi 2 packets,20
20-04-2018,Food,Sugaran Kitchen,70
19-04-2018,Household,flour mill,14
19-04-2018,Food,6 eggs,36
19-04-2018,Food,milk 1lit ,72
17-04-2018,Food,milk 1lit ,72
16-04-2018,Education,3 Pens,21
16-04-2018,Apparel,clothes ironing,63
16-04-2018,Household,Cockroach injection,270
16-04-2018,Household,Supermart,265
16-04-2018,Household,Smart point,450
15-04-2018,Food,pav Bhaji,70
15-04-2018,Food,2 cutting chai,20
15-04-2018,Household,"Vessels for sugar, coffee and tea",799
15-04-2018,Family,Body mist,525
15-04-2018,Transportation,Station Parking,10
15-04-2018,Transportation,Place 0 to Place 4 return,20
15-04-2018,Food,Catering Service,70
14-04-2018,Household,Supermart,107
14-04-2018,Food,Pizza base packet 2,40
14-04-2018,Food,Khari packet,45
14-04-2018,Food,milk 1lit ,72
13-04-2018,Health,Family Thyroid Test + CBC,700
12-04-2018,subscription,,199
12-04-2018,Household,,112
12-04-2018,Food,Pattice,20
12-04-2018,Food,Catering Service,130
10-04-2018,Food,Bread,18
10-04-2018,Food,Catering Service,70
10-04-2018,Gift,farewell contribution,250
09-04-2018,Food,Ginger,10
09-04-2018,Food,milk 1lit ,72
07-04-2018,Household,Supermart,1857
07-04-2018,Household,Pav kg chana dal,24
07-04-2018,Food,Half lit  milk,36
06-04-2018,Money transfer,,24500
05-04-2018,Household,Idli pith 1kg,38
05-04-2018,Food,6 eggs,36
05-04-2018,Food,milk 1lit ,72
05-04-2018,Food,Catering Service,130
02-04-2018,Transportation,Mall parking,20
02-04-2018,Household,Window cleaner,149
02-04-2018,Food,Pav kg Lahsoon,24
02-04-2018,Food,Dahi 2 packets,20
02-04-2018,Food,onion 2 kg,36
02-04-2018,maid,,2000
01-04-2018,Other,ATM charge,5.9
01-04-2018,Other,ATM charge,24.78
01-04-2018,Food,milk 1lit ,72
01-04-2018,Money transfer,,10005.9
31-03-2018,Food,2 chocobar,45
31-03-2018,Food,Home Food Delivery,244
31-03-2018,Food,Domino's Pizza,419
31-03-2018,Transportation,Station Parking,10
31-03-2018,Transportation,Place 0 to Sion returns,30
30-03-2018,Food,1 Panipuri,25
30-03-2018,Food,Ginger + green chilli,20
30-03-2018,Food,milk 1lit ,72
29-03-2018,Food,At restaurant,1234
27-03-2018,Food,Bread,35
26-03-2018,Food,milk 1lit ,72
26-03-2018,subscription,Permanent Residence - Tata Play recharge,157
25-03-2018,Transportation,Station Parking,10
25-03-2018,Food,Popcorn family pack,25
25-03-2018,Food,2 tea,20
25-03-2018,Food,2 Frankie,160
25-03-2018,Food,French crossiant,80
25-03-2018,Food,IKEA tea 3,240
23-03-2018,Culture,Finding next Job,100
22-03-2018,Food,1 kg Bajari,7
22-03-2018,Food,Half kg tomato,15
22-03-2018,Household,Supermart,153
22-03-2018,Food,Pickle,150
22-03-2018,Food,Potato chips,150
22-03-2018,Food,1 packet,20
22-03-2018,Food,milk 1lit ,72
21-03-2018,Food,2 kachori,24
21-03-2018,Household,Idli pith 1kg,38
21-03-2018,Family,,50
20-03-2018,Food,2 Fried rice,246
20-03-2018,Other,,17
20-03-2018,Food,Chicken lollypop 8 pcs,215.75
20-03-2018,Food,Bread,18
20-03-2018,Food,6 eggs,36
20-03-2018,Food,Half lit  milk,36
18-03-2018,Transportation,Station Parking,10
18-03-2018,Food,Dabeli,15
18-03-2018,Family,Trouser,799
18-03-2018,Family,Belt + bow,498
18-03-2018,Food,Papad packet,50
18-03-2018,Food,1 Panipuri,30
18-03-2018,Food,cutting chai,10
18-03-2018,Transportation,Place 0 to Place 4 return,20
17-03-2018,Food,Catering Service,30
17-03-2018,Food,Half lit  milk,37
15-03-2018,Food,Catering Service,60
15-03-2018,Food,Half lit  milk,36
14-03-2018,Household,Mayonnaise + cheese cubes,140
14-03-2018,Food,onion 2 kg,40
14-03-2018,Food,Domino's Pizza,578
13-03-2018,Family,,480
13-03-2018,Food,Half lit  milk,36
12-03-2018,Transportation,2 Place 3 to Place 2 : Sevagram express 3AC,1293
10-03-2018,Household,Mosquito Racket,300
10-03-2018,Health,All out refill,77
10-03-2018,Food,1 lit ,72
10-03-2018,Food,Half lit  milk,36
08-03-2018,Apparel,clothes ironing,91
08-03-2018,Food,Flatbread 12 pcs,40
08-03-2018,subscription,,540
08-03-2018,Food,6 eggs,36
08-03-2018,Food,Half lit  milk,36
07-03-2018,Festivals,Holi Tip to cleaner,20
07-03-2018,Food,2 Vadapav,30
06-03-2018,Health,Thyroid Tablets,172
06-03-2018,Health,5 Meftal spas,22
06-03-2018,Education,Xerox,4
06-03-2018,Food,Half lit  milk,36
06-03-2018,Documents,Aadhar PUC card delivery,50
06-03-2018,Family,,50
05-03-2018,Food,chocobar,20
05-03-2018,Food,M D sure 3kg atta,162
05-03-2018,Household,Supermart,1357
05-03-2018,Household,Smart point,972
05-03-2018,Other,blanket sewing,10
04-03-2018,Family,,450
04-03-2018,Food,Catering Service,130
03-03-2018,Food,Half lit  milk,36
02-03-2018,Food,chocobar,15
01-03-2018,Food,Domino's Pizza,189
01-03-2018,Food,6 eggs,36
01-03-2018,Money transfer,,10000
28-02-2018,Food,Khari packet,45
28-02-2018,Food,Half lit Varna milk,36
28-02-2018,Food,onion 1 kg,30
28-02-2018,Food,potato 1kg,18
27-02-2018,Household,Idli pith 1kg,38
27-02-2018,Food,5 chapati,30
26-02-2018,Food,1 lit ,73
26-02-2018,Household,Mirror repair,140
26-02-2018,Transportation,First servicing,443
26-02-2018,Food,chaas,17
24-02-2018,Food,Flatbread 12 pcs,40
23-02-2018,Health,Refresh Tears Drop,128
23-02-2018,Food,1 packet,20
23-02-2018,Food,1 lit ,72
22-02-2018,subscription,Permanent Residence - Tata Play recharge,157
22-02-2018,Food,Limca,20
22-02-2018,Food,onion 1 kg,20
22-02-2018,Food,Catering Service,192
20-02-2018,Household,Kitchen fan + installation+ repair,2600
19-02-2018,Beauty,hair cut+shaving,170
19-02-2018,Food,1 lit ,72
19-02-2018,Food,2 kachori,24
17-02-2018,Food,BBQ,1783
17-02-2018,Family,,3598
17-02-2018,Transportation,Mall parking,20
17-02-2018,Food,5 chapati,30
16-02-2018,Food,banana chips,45
16-02-2018,Food,Khari packet,45
16-02-2018,Food,1 lit ,72
15-02-2018,Food,chocobar,35
15-02-2018,Food,Half kg tomato + methi 1 judi,30
15-02-2018,Household,Supermart,117
14-02-2018,Food,1 chicken shawarma,60
13-02-2018,Food,potato 1kg,25
13-02-2018,Food,Bread,35
13-02-2018,Food,Amul cheese,72
13-02-2018,Food,1 lit ,72
12-02-2018,Food,6 eggs,36
12-02-2018,Food,3 packets,30
12-02-2018,Food,M D sure 3kg atta,162
11-02-2018,Transportation,2 Place 0 to Current Residence,30
11-02-2018,Food,pav Bhaji,235
11-02-2018,Food,Vadapav,15
11-02-2018,Transportation,Place 0 to Place 3 returns,40
11-02-2018,Transportation,Current Residence to Place 0,15
10-02-2018,Food,1 lit ,69
09-02-2018,Apparel,clothes ironing,98
08-02-2018,Food,Shev Puri,35
08-02-2018,Food,onion 1 kg,25
08-02-2018,Food,1 lit ,69
06-02-2018,Culture,2 PVR Place 6,312
05-02-2018,Family,,500
05-02-2018,Food,Raw chicken half kg,220
05-02-2018,Food,Khari packet,45
05-02-2018,Food,1 packet,69
04-02-2018,Food,Domino's Pizza,452
04-02-2018,Food,Catering Service,50
04-02-2018,Food,Half lit  milk,35
03-02-2018,Food,chocobar,10
03-02-2018,Transportation,Place 2 to Place 1 - Shree Sharma Travels,945
02-02-2018,Food,Catering Service,82
02-02-2018,Family,,170
01-02-2018,Food,8 bananas,30
01-02-2018,Food,Half kg tomato,15
01-02-2018,maid,,2000
01-02-2018,Money transfer,,10000
31-01-2018,Food,At restaurant,320
31-01-2018,Transportation,Parking sticker,50
31-01-2018,Food,1 lit ,69
30-01-2018,Household,Matchbox packet 10pcs,10
30-01-2018,Food,Dahi 2 packets,20
30-01-2018,Family,,100
29-01-2018,Food,Khari packet,45
29-01-2018,Food,6 eggs,42
29-01-2018,Food,1 lit ,69
28-01-2018,Food,2 kachori,24
28-01-2018,Household,Smart point,976.9
28-01-2018,Household,Supermart,764
27-01-2018,Transportation,Two Wheeler Bikedelux third installment,43000
26-01-2018,Transportation,Place 0 to Current Residence,15
26-01-2018,Transportation,Place 0 to Place 4 return,20
26-01-2018,Apparel,Pyjama (999)+ carry bag (10),1009
26-01-2018,Food,1 packet,20
26-01-2018,Food,1 lit ,69
26-01-2018,Food,potato 1kg,25
26-01-2018,Household,Idli pith 1kg,38
25-01-2018,Food,Catering Service,70
24-01-2018,Food,Half lit  milk,35
23-01-2018,Household,Smart point,273
22-01-2018,Food,2 kg Bajari,14
22-01-2018,Food,M D sure 3kg atta,162
22-01-2018,Health,Cough-sills 4 pcs + sinarest 3 pcs,30
22-01-2018,Food,1 lit ,69
21-01-2018,Food,Home Food Delivery,384
20-01-2018,Food,crack-jack 1 packi,10
20-01-2018,Food,,45
20-01-2018,subscription,Permanent Residence - Tata Play recharge,179
19-01-2018,Food,Flatbread 6 pcs,17
19-01-2018,Household,Amul butter,53
19-01-2018,Food,Flatbread 6 pcs,20
19-01-2018,Household,Cakes,46
18-01-2018,Transportation,Two Wheeler Bikedelux second installment,50000
18-01-2018,Food,Fresh veggie pizza,219
18-01-2018,Food,6 eggs,42
18-01-2018,Food,1 lit ,69
16-01-2018,Household,Bhagar 1kg 130 + idli pith 1kg 35,165
16-01-2018,Food,1 lit ,69
16-01-2018,Social Life,Marathon,298
15-01-2018,Food,Chitale Srikhand,284
15-01-2018,Food,onion 1 kg + half kg potato,38
15-01-2018,Transportation,Place 0 to Place 3 returns,40
15-01-2018,Transportation,Uber auto: Place 4 Station to Current Residence society,266
14-01-2018,Transportation,Place 0 to Santacruz return,40
14-01-2018,Household,Vibrating electronic message tool,798
14-01-2018,Transportation,station to Decathlon,20
14-01-2018,Transportation,Decathlon to station,25
14-01-2018,Apparel,Head band,199
14-01-2018,Transportation,Pali hill to Bandra station,23
14-01-2018,Transportation,mumbai University Kalina to Santacruz station,40
14-01-2018,Transportation,Current Residence to Place 0,15
13-01-2018,Health,Thyroid Tablets,740
13-01-2018,Apparel,clothes ironing,80
12-01-2018,Household,Smart point,226
12-01-2018,Health,Family Thyroid Test,500
11-01-2018,Food,6 eggs,42
11-01-2018,Food,1 lit ,69
10-01-2018,Food,2 packets,40
09-01-2018,Food,Flatbread 12 pcs,34
09-01-2018,Food,1 lit ,69
08-01-2018,Food,Vadapav,20
08-01-2018,Household,Sony WI-C100 earphones wireless,1399
08-01-2018,Food,M D sure 2kg atta,104
08-01-2018,Household,Harpik 1L,165
07-01-2018,Food,2 cutting chai,20
07-01-2018,Transportation,Place 0 to Place 4 return,20
06-01-2018,subscription,,810
06-01-2018,Household,Idli pith 1kg,38
06-01-2018,Household,5 litres can Distilled water,100
06-01-2018,Food,2 cups,20
06-01-2018,Food,1 lit ,69
04-01-2018,Household,Cockroach injection,270
04-01-2018,Household,Nandadip oil bottle,130
04-01-2018,Food,Catering Service,70
04-01-2018,Documents,Aadhar Address Change,50
03-01-2018,Food,Wok express + Domino's,681
03-01-2018,Transportation,Two Wheeler Bikedelux booking amount,1000
03-01-2018,Food,6 eggs,40
03-01-2018,Food,1 lit ,69
02-01-2018,Household,Supermart,1140
02-01-2018,Health,Refresh Tears Drop,158
01-01-2018,subscription,Amazon pay cashback 1017 + Rs.482,482
01-01-2018,Food,Raspberry dolly,15
01-01-2018,Household,Logitech mouse,599
01-01-2018,Food,1 lit ,69
01-01-2018,Money transfer,,30000
01-01-2018,maid,,2000
31-12-2017,Food,Flatbread 24 pcs,30
30-12-2017,Food,Dudhi 20 + mirchi 5,25
29-12-2017,Family,For utensils,450
29-12-2017,Food,3 pavwada,30
29-12-2017,Household,,182
29-12-2017,Food,,5
29-12-2017,subscription,Data booster pack,181
28-12-2017,Food,Ginger,10
27-12-2017,Food,Tata salt 28+ 6 eggs 42,70
26-12-2017,subscription,"ET Prime (1+1) till 24 Dec,2024",1749
25-12-2017,subscription,Permanent Residence - Tata Play recharge,156
25-12-2017,subscription,Data booster pack,181
25-12-2017,Transportation,Place 2 station to Permanent Residence,80
24-12-2017,Transportation,2 Current Residence to Place 0,30
24-12-2017,Gift,Birthday gift,1364
24-12-2017,Food,Gupta bhel,25
24-12-2017,Household,Toothbrush (buy 2 get 1),100
24-12-2017,Food,Half lit  milk,35
23-12-2017,Gift,Birthday gift,798
22-12-2017,Food,Home Food Delivery,380
21-12-2017,Food,Vadapav,15
21-12-2017,Household,Surti kolam 2kg (54rsx2)+Monaco biscuits,118
21-12-2017,Food,Catering Service,65
21-12-2017,Food,milk 1lit ,70
20-12-2017,Food,Catering Service,95
20-12-2017,subscription,Renewal,28400
19-12-2017,Family,,500
19-12-2017,Food,Chicken Frankie,45
19-12-2017,Transportation,Place 0 to WS return,10
19-12-2017,Food,milk 1lit ,69
18-12-2017,Apparel,undergarment single,312
17-12-2017,Food,At restaurant,505
17-12-2017,Transportation,within city,30
17-12-2017,Household,Dmart,878
17-12-2017,Food,2 cutting chai,20
17-12-2017,Transportation,college to inorbit,25
17-12-2017,Transportation,Place 0 to Place 4 return,20
17-12-2017,Transportation,Current Residence to Place 0,15
16-12-2017,Food,milk 1lit ,69
15-12-2017,Other,Nosebud,10
15-12-2017,Food,chocobar,15
14-12-2017,Food,Paneer + 1 kg onion,145
13-12-2017,Apparel,clothes ironing,98
13-12-2017,Family,,20
13-12-2017,Food,milk 1lit ,69
12-12-2017,Food,6 eggs,40
12-12-2017,Food,Double chicken shwarma,100
12-12-2017,Food,Catering Service,80
10-12-2017,Food,,90
10-12-2017,Food,,310
10-12-2017,Food,Gupta bhel,25
10-12-2017,Food,Catering Service,65
09-12-2017,Food,Catering Service,85
08-12-2017,Food,Home Food Delivery - roti 17*4+ paneer chatpata 190+ veg crispy 150,408
07-12-2017,Food,milk 1lit ,69
06-12-2017,Food,Catering Service,125
05-12-2017,subscription,Current Residence - Tata Play recharge,100
05-12-2017,subscription,,2700
04-12-2017,Household,Smart point,937
04-12-2017,Household,Supermart,990
04-12-2017,Food,,120
04-12-2017,Food,,35
04-12-2017,Food,Amul butter,50
04-12-2017,Food,milk 1lit ,69
04-12-2017,subscription,,110
03-12-2017,Food,Shev Puri,30
03-12-2017,Food,Home Food Delivery - Chicken lollypop 8 pcs 190 + chicken manchow soup 100,290
03-12-2017,Other,2 kg soil,20
03-12-2017,Beauty,hair cut+shaving,160
02-12-2017,Food,chocobar,35
02-12-2017,Food,milk 1lit ,69
01-12-2017,Food,Catering Service ( 5 methi paranthe),125
01-12-2017,Food,1 lit ,69
01-12-2017,maid,,2000
30-11-2017,Health,5 Meftal spas,22
30-11-2017,Health,Glasses remaining,800
30-11-2017,Health,Family's Glasses,22700
30-11-2017,Money transfer,,10000
30-11-2017,Family,Change,50
28-11-2017,Food,Sweet bread cake pav kg,90
28-11-2017,Food,6 eggs,42
28-11-2017,Food,,18
28-11-2017,Household,Toast+ biscuits,115
28-11-2017,Food,,140
28-11-2017,Food,1 lit ,69
27-11-2017,Health,Glasses advance,1000
27-11-2017,Transportation,2 Place 0 to Current Residence,30
27-11-2017,Transportation,Place 6 station to  mall,30
27-11-2017,Transportation,1 Place 0 to Place 6,5
27-11-2017,Apparel,Sandals Hush puppies,2699
26-11-2017,Transportation,eye institute to Place 6 station,40
26-11-2017,Health,eye drop,159
26-11-2017,Transportation,Place 6 station to eye institute,40
26-11-2017,Health,"Routine checkup - eye institute, Place 6",400
26-11-2017,Transportation,1 Place 0 to Place 6 return,10
25-11-2017,subscription,Permanent Residence - Tata Play recharge,156
25-11-2017,Food,1 lit ,69
25-11-2017,Apparel,clothes ironing : Rs 6 per item,90
25-11-2017,Food,Half kg tomato,10
24-11-2017,Culture,2 PVR Place 6,314
23-11-2017,Food,Flatbread 8 pcs,23
23-11-2017,Food,Dahi + remaining balance,17
23-11-2017,Food,3 kg Bajari,21
23-11-2017,Food,1 lit ,69
20-11-2017,Food,milk 1lit ,70
19-11-2017,Food,1 Panipuri,20
19-11-2017,Transportation,2 Place 0 to Current Residence,30
19-11-2017,Transportation,2 Place 0 to Place 6 return,20
19-11-2017,Transportation,2 Current Residence to Place 0,30
19-11-2017,Culture,2 PVR Place 6,436
18-11-2017,Household,Khobra + shengdana+ vim bar,242
18-11-2017,Food,6 eggs,39
18-11-2017,subscription,,147
18-11-2017,Self-development,Marathon,950
18-11-2017,Food,1.5 lit milk ,104
17-11-2017,Food,Vanila family pack,105
17-11-2017,Household,Agarbatti 55 + dahi 25,80
17-11-2017,Food,4 kg Gehu,28
16-11-2017,Food,1 lit ,70
15-11-2017,Food,Home Food Delivery,524
15-11-2017,Household,Toast 55 + Kisan Jam 85 + all out 75,209
15-11-2017,Education,Photo paper print,45
15-11-2017,Food,brown bread,25
15-11-2017,Household,Amul butter 52 + Good Day biscuits 43,95
14-11-2017,Food,,125
14-11-2017,Family,,770
14-11-2017,Food,vegetables,160
13-11-2017,Household,Pani Puri packet + Bundi + chivda,180
13-11-2017,Food,milk 1lit varna,70
13-11-2017,Food,onion 1 kg + half kg potato,50
13-11-2017,Household,Maggie + lizol,268
13-11-2017,Food,Shev bhaji sev pav kg,60
12-11-2017,Transportation,2 Place 0 to Current Residence,30
12-11-2017,Food,At restaurant,1525
12-11-2017,Food,,12
12-11-2017,Household,USB cord,130
12-11-2017,Household,Screwdriver 2,120
12-11-2017,Other,Shopping at Alfa,3690
12-11-2017,Transportation,Place P station to Alfa market,34
12-11-2017,Transportation,Place 4 station to Place P return,30
12-11-2017,Transportation,Place 0 to Place P return,40
11-11-2017,Food,6 eggs,39
11-11-2017,Food,Half lit  milk,26
09-11-2017,Apparel,clothes ironing : Rs 6 per item,72
09-11-2017,Household,Colgate max fresh small,20
09-11-2017,Household,,67
09-11-2017,Health,Acne Star cream,100
09-11-2017,Food,Bhendi bhaji,40
09-11-2017,Food,1 lit ,70
08-11-2017,Household,,539
08-11-2017,Food,1 kg apple,130
07-11-2017,Food,1 lit ,70
06-11-2017,Food,6 eggs,39
05-11-2017,Transportation,Place 0 to Current Residence,15
05-11-2017,subscription,Current Residence - Tata Play recharge,200
03-11-2017,subscription,,2700
02-11-2017,Food,2 pavwada,20
02-11-2017,Other,Dambar goli 2 packets ( Naphthalene balls),130
01-11-2017,subscription,Mobile Service Provider freedom pack,296
01-11-2017,Money transfer,,10000
29-10-2017,subscription,Mobile Service Provider freedom pack,296
29-10-2017,subscription,Mobile Service Provider freedom pack,296
29-10-2017,subscription,subscription 1yr,795.49
27-10-2017,Transportation,Permanent Residence to bus stand,40
26-10-2017,Transportation,within city,50
26-10-2017,Festivals,Offering,50
26-10-2017,Festivals,Offering,10
26-10-2017,Festivals,Offering,500
24-10-2017,subscription,Mobile Service Provider freedom pack,296
24-10-2017,Food,Dahi,10
23-10-2017,Household,Shampoo sachets,9
23-10-2017,Apparel,Slippers,220
23-10-2017,Festivals,Aakash kandil,200
23-10-2017,Household,Dettol liquid handwash refill,99
23-10-2017,Household,flour mill,27
23-10-2017,Household,,50
23-10-2017,subscription,Permanent Residence - Tata Play recharge,191
22-10-2017,Transportation,Current Residence to Place 1 bus stop highway,50
21-10-2017,Other,ipad cover + case,1888
21-10-2017,Food,Onion half kg 13 + milkybar 10 + Colgate maxfresh 10,33
21-10-2017,maid,,2000
20-10-2017,Gift,farewell contribution,200
20-10-2017,Festivals,Rangoli + stamp,20
19-10-2017,Food,Gupta bhel,25
18-10-2017,Transportation,2 Place 2 to Place 3 : Sevagram express 3AC,1333
18-10-2017,Transportation,2 Place 3 to Place 2 : Amritsar express 3AC,1231
13-10-2017,Family,,70
11-10-2017,Transportation,Place 2 to Place 3 sevagram,658.6
10-10-2017,Household,flour mill,14
09-10-2017,Food,,230
09-10-2017,Food,vegetables,280
09-10-2017,subscription,1 Year Plan (40mbps + UL+ 3 Months Free),5640
08-10-2017,Gift,For Friend,6500
08-10-2017,Family,Fab India,3198
06-10-2017,Health,,468
05-10-2017,Other,account opening fee,200
04-10-2017,subscription,,2700
04-10-2017,Health,Boroline + band aid,50
04-10-2017,Family,,400
02-10-2017,Household,Supermart,3055
02-10-2017,maid,,2000
01-10-2017,subscription,3 months subscription Mobile,149
01-10-2017,Money transfer,,10000
30-09-2017,Health,Candid dusting powder,59
30-09-2017,Household,Supermart,155
30-09-2017,Food,vegetables,135
30-09-2017,Food,vegetables,30
30-09-2017,Household,Cooktop installation+ base,600
29-09-2017,Apparel,clothes ironing : Rs 6 per item,60
29-09-2017,Food,Gupta bhel,25
29-09-2017,Food,Vanila cup,10
29-09-2017,Health,3 tablet Nor tz,21
28-09-2017,subscription,Current Residence - Tata Play recharge,215
28-09-2017,Transportation,2 Place 1 to Place 2 - Novelty tour and travels,2388
27-09-2017,Household,,312
27-09-2017,Gift,farewell contribution,334
25-09-2017,Food,half kg chiku,30
25-09-2017,Food,Apple 2 kg (110) + Banana 1kg (80),300
24-09-2017,Transportation,2 Place 0 to Current Residence,30
24-09-2017,Transportation,Place 0 to WS return,10
24-09-2017,Culture,2,560
24-09-2017,Food,Half kg pedhe,280
24-09-2017,Beauty,hair cut,100
23-09-2017,Food,Chicken masala gravy,100
21-09-2017,Other,Umbrella cover repair,10
21-09-2017,Transportation,Place 0 to Current Residence,15
21-09-2017,Food,Vadapav,15
21-09-2017,Food,,10
21-09-2017,Transportation,Place 0 to dadar return,30
21-09-2017,Family,,70
20-09-2017,Health,Surgical gloves pair,20
20-09-2017,Other,CSR,100
20-09-2017,Family,,20
18-09-2017,Health,,55
18-09-2017,Food,half kg chiku,60
18-09-2017,Food,Nariyal,55
17-09-2017,Household,,114
17-09-2017,Health,,151
17-09-2017,Household,Supermart,558
17-09-2017,Food,,35
17-09-2017,Food,1.5 lit milk ,99
15-09-2017,Food,Sugaran Kitchen,60
15-09-2017,Food,,130
15-09-2017,Food,Nariyal,55
15-09-2017,Health,,373
15-09-2017,Health,Doctor Fees,150
15-09-2017,Transportation,2 Place 2 to Place 1 - Novelty tour and travels,1400
15-09-2017,Food,2 tea parcel,24
15-09-2017,Food,2 plates poha,50
15-09-2017,Food,milk 1lit ,66
14-09-2017,Food,,282
14-09-2017,subscription,Current Residence - Tata Play recharge,100
13-09-2017,Food,Sugaran Kitchen,110
12-09-2017,Food,milk 1lit ,66
11-09-2017,Transportation,Current Residence to Place 1 bus stop highway,60
11-09-2017,Transportation,2 Place 1 to Place 2 - Novelty tour and travels,2598
11-09-2017,Family,,2500
11-09-2017,Food,vegetables,285
11-09-2017,Transportation,Local pass to Family,100
11-09-2017,Transportation,2 Current Residence to Place 0,30
11-09-2017,Food,Idli 4 pcs + kachori 4 pcs,93
10-09-2017,Household,Supermart,514
09-09-2017,Health,V-wash,45
08-09-2017,Transportation,2 Place 1 to Place 2 - Novelty tour and travels,1440
08-09-2017,Food,M D sure 4kg atta,196
06-09-2017,Family,,500
06-09-2017,Other,Pant chain repair,20
06-09-2017,Food,Sweet bread cake 90 + veg puff 2,140
05-09-2017,subscription,,2700
05-09-2017,Education,Print outs+ Xerox,50
04-09-2017,Food,4 cups (2 Vanilla 2 tutifruity),40
03-09-2017,Other,clock cell,15
03-09-2017,subscription,,170
01-09-2017,maid,,820
01-09-2017,Food,milk 1lit ,66
01-09-2017,Money transfer,,10000
31-08-2017,Other,Sms charges + GST,17.7
31-08-2017,Household,Odonil,60
31-08-2017,Household,Honey small bottle,10
31-08-2017,Household,Janeyu,5
31-08-2017,Household,Nariyal,25
31-08-2017,Food,1.5 lit milk ,99
30-08-2017,Health,5 Meftal spas,22
29-08-2017,Transportation,Ola cab - Domestic airport T1 to Current Residence,640
28-08-2017,Tourism,Misc expense,200
28-08-2017,Food,2 chips packets,20
27-08-2017,Tourism,Misc expense,100
27-08-2017,Health,Vicks inhaler,59
27-08-2017,Transportation,market to resort,200
26-08-2017,Food,Parle G chota pack,5
25-08-2017,Health,strepsils 13 pills,39
24-08-2017,Transportation,Auto : Mahal to hotel,40
24-08-2017,Food,roof top lounge  (200 french fries + 100 masala tea)+15 GST + 10 Tip,325
24-08-2017,Household,2 Bedsheets (1500 each),3000
24-08-2017,Apparel,Jaipuri handprinted Maharani Saree (1850 Two pcs + 1500 1 pc),5200
23-08-2017,Food,180 Chicken Sandwich + 120 vada pav & Samosa,300
23-08-2017,Transportation,Ola cab - Current Residence to Domestic airport T1,850
22-08-2017,Family,,5000
22-08-2017,Household,Mahanagar Gas connection installation,300
21-08-2017,Household,Selfie stick Bluetooth tripod,280
21-08-2017,Beauty,Shaving,50
21-08-2017,Food,1.5 kg onions,33
21-08-2017,Beauty,Lens cleaner,80
21-08-2017,Education,15 fevistick + 12 xerox2 & print2,27
20-08-2017,Food,Baskin Robbins,166
20-08-2017,Food,280 chicken dum biryani+ 200 paneer tikka laziz + GST,504
20-08-2017,Transportation,BKC to kurla station,60
20-08-2017,Transportation,Ola cab - siddhivinayak to BKC,361
20-08-2017,Transportation,Dadar West to siddhivinayak,25
20-08-2017,Transportation,2 Place 0 to dadar return,60
20-08-2017,Transportation,2 Current Residence to Place 0,30
20-08-2017,Apparel,clothes ironing : Rs 6 per item,48
20-08-2017,Other,Mobile cover moto G5 plus,239
20-08-2017,Household,Foldable wardrobe,569
19-08-2017,Household,2 locks for bags,60
19-08-2017,Household,Colgate max fresh small,20
19-08-2017,Household,Dettol sanitizer,45
19-08-2017,subscription,Current Residence - Tata Play recharge,217
18-08-2017,Family,,100
17-08-2017,maid,,1020
17-08-2017,Household,Sugar 1kg Rs.55 + shengdana Rs.33,88
17-08-2017,Food,2 Bhaji pav + 1 vadapav,45
15-08-2017,Household,Wifi Router TP link,1400
15-08-2017,Food,1.5 lit milk ,99
14-08-2017,Household,Steam machine,320
14-08-2017,Household,Biscuits+ onions,112
12-08-2017,Festivals,Ganpati+ navratri vargani,800
12-08-2017,Transportation,2 Place 2 to Place 1 - Shree Sharma Travels,1665
11-08-2017,Gift,Rakshabandhan ovalini,500
11-08-2017,Transportation,2 CD to Place 1: shivshahi,470
11-08-2017,Transportation,within city,100
11-08-2017,Transportation,2 Place 1 to VN,330
11-08-2017,Transportation,Current Residence to Place 1 bus stop highway,60
10-08-2017,Household,Dahi (42) + Vanilla essance (34),76
10-08-2017,Food,milk 1lit ,66
09-08-2017,Household,Dettol liquid handwash refill,218
09-08-2017,Health,Move jel,125
08-08-2017,Tourism,Tours and Travel,43000
08-08-2017,Food,milk 1lit ,66
07-08-2017,Family,,5000
07-08-2017,Food,Half lit  milk,33
06-08-2017,Health,Vicks VapoRub,22
06-08-2017,subscription,,170
06-08-2017,Household,,302
06-08-2017,Food,krack Jack biscuits,5
06-08-2017,Food,5 chapati,25
05-08-2017,Gift,Purse on occasion of Rakshabandhan,909
05-08-2017,Gift,Purse on occasion of Rakshabandhan,1145
05-08-2017,Apparel,Family's dresses,989
05-08-2017,Health,Cinarest,27
05-08-2017,Family,Change,100
05-08-2017,Health,Medical tests - Family,6190
04-08-2017,subscription,Family Mobile Service Provider recharge,2999
04-08-2017,Food,milk 1lit ,68
03-08-2017,subscription,,170
02-08-2017,subscription,,2700
02-08-2017,Food,Maggie 1 pck,14
02-08-2017,Food,milk 1lit ,66
01-08-2017,Apparel,Myntra - tshirt+ denim shorts,399
01-08-2017,Health,4 paracetamol tablets,10
01-08-2017,Money transfer,,10000
31-07-2017,Food,Catering Service:Chicken masala (90)+2 chapati (10),100
31-07-2017,Transportation,ola auto - Current Residence to McD,65
31-07-2017,Food,4 eggs,22
30-07-2017,Food,Dahi 2 packets,20
30-07-2017,Transportation,2 Neeta travels : Place A to pune,895
30-07-2017,Household,Laptop repair,1000
30-07-2017,Household,Laptop repair ( 128gb SSD rs 2200+ 500gb HDD Rs.1800 + Msoffice+ windows),3000
30-07-2017,Food,Chicken roll kasha,100
30-07-2017,Transportation,Place 0 to Place 4 return,20
29-07-2017,Food,milk 1lit ,64
29-07-2017,Health,Hospital consultation,556
29-07-2017,Transportation,ola auto - Current Residence to hospital Place 6,97
28-07-2017,Transportation,2 Place 0 to Current Residence,30
28-07-2017,Health,Hospital consultation,167
28-07-2017,Health,Hospital consultation,3050
28-07-2017,Transportation,2 Place 0 to Place 6 return,20
28-07-2017,Transportation,2 Current Residence to Place 0,30
27-07-2017,Food,Non veg overloaded pizza,215
27-07-2017,Food,Chicken lollypop 4 pcs,203
27-07-2017,Household,Distilled water refill Inverter (Rs.100 given by Family),200
25-07-2017,Tourism,Tours and Travel,20000
24-07-2017,Food,Garlic bread + periperi masala fries,248
24-07-2017,Food,4 eggs,22
24-07-2017,Food,milk 1lit ,64
23-07-2017,Household,For tata sky installation (100 rs given by Family ),200
23-07-2017,Household,Tata sky STB (1299)+ 1 month recharge (226)+ extra wire 45meters(540),2065
23-07-2017,Food,Amul butter,52
22-07-2017,Food,milk 1lit ,64
21-07-2017,Other,CA  - income tax filing,1000
21-07-2017,Food,Half lit  milk,33
20-07-2017,Food,,88
20-07-2017,Food,Puri packet of 50 pcs,50
20-07-2017,subscription,Annual recharge,2545
20-07-2017,Food,Half lit  milk,32
19-07-2017,Food,4 eggs,22
19-07-2017,Food,Half lit  milk,32
18-07-2017,Food,Thumbs up 250ml,20
18-07-2017,Food,5 litres can,70
18-07-2017,Food,Gehu 3 kg Rs21 + bajari 1kg Rs 7 + dal 1.5 kg Rs15,43
18-07-2017,Food,potato 1kg,35
18-07-2017,Household,Pakad,240
18-07-2017,Household,Umbrella,540
18-07-2017,Food,onion 2.5 kg,55
17-07-2017,Transportation,2 Place 0 to Current Residence,30
17-07-2017,Apparel,9 clothes ironing,63
17-07-2017,Food,Lemon tea,60
17-07-2017,Food,1 dal makhani rice(200)+ 1 chicken tikka rice(220)+chocolate pastry (120),540
17-07-2017,Transportation,2 Place 0 to TB returns,40
15-07-2017,Food,Gupta bhel,25
15-07-2017,Food,Half lit  milk,32
14-07-2017,Food,chocobar,15
12-07-2017,Gift,farewell contribution,500
12-07-2017,Food,milk 1lit ,64
11-07-2017,Food,chocobar,15
11-07-2017,Education,Black Ball pen,10
11-07-2017,Family,,5000
11-07-2017,Family,,1500
10-07-2017,Food,2 packets,50
09-07-2017,Household,,2923
09-07-2017,Food,sugarcane juice,20
09-07-2017,Food,Vadapav,20
09-07-2017,Transportation,2 Place 3m to Mumbai vidyapeeth,12
09-07-2017,Transportation,2 Place 0 to Place 3 returns,80
09-07-2017,Transportation,2 Current Residence to Place 0,30
08-07-2017,Food,Pizza base packet - Patil dairy,30
08-07-2017,Food,4 eggs,26
08-07-2017,Food,milk 1lit ,64
05-07-2017,Food,Paneer mutter Rs.90+ 5 chapati Rs.25,115
05-07-2017,Food,2 Kg Onion 30/kg + 1 kg Potato 30/kg + Parle Biscuit Rs 10,100
05-07-2017,Food,veg fried rice 1 full,180
05-07-2017,Food,Catering Service (1 bhaji 30 + 3 chapti 15),45
04-07-2017,Food,Dalich peeth pav kg,25
04-07-2017,subscription,,2700
04-07-2017,Transportation,Place 1 bridge to Current Residence 2 seats,60
04-07-2017,Food,,35
04-07-2017,Food,milk 1lit ,64
03-07-2017,Other,Devi Temple,5
03-07-2017,subscription,,170
02-07-2017,Food,7 mava kulfie,140
01-07-2017,Transportation,2 Place 2 to Place 1 - Shree Sharma Travels,1711
01-07-2017,Money transfer,,10000
30-06-2017,Gift,Forrest essential perfume,4800
29-06-2017,Beauty,Shaving,60
29-06-2017,Transportation,Place 2 station to hospital 2 seat,50
28-06-2017,Transportation,2 Place 0 to tilaknagar single side,30
28-06-2017,Transportation,2 Current Residence to Place 0,30
28-06-2017,Food,Chicken lollypop 4 pcs,186.5
28-06-2017,Food,5rs mirchi + crack-jack,15
28-06-2017,Family,,1500
28-06-2017,maid,House Cleaning + washing utensils,2000
27-06-2017,Health,Cough-sills 4 pcs,12
26-06-2017,Food,2 kachori,24
26-06-2017,Food,Dahi 2 packets,20
26-06-2017,Food,milk 1lit ,64
25-06-2017,Transportation,Place 0 to WS return,10
24-06-2017,Food,milk 1lit ,64
23-06-2017,Food,Shengdane pav kg,35
23-06-2017,Other,Credit Card fee,590
22-06-2017,Food,milk 1lit ,64
22-06-2017,Gift,Forrest essential after shave,1595
22-06-2017,Food,Taco Bell veg combo,261
22-06-2017,Transportation,2 Place 0 to WS returns,20
22-06-2017,Transportation,2 Current Residence to Place 0,30
20-06-2017,Gift,Cupcake mould,250
19-06-2017,Food,Shev bhaji sev pav kg,60
19-06-2017,Food,M D sure 3kg atta,141
19-06-2017,Food,Amul malai paneer pav kg,80
19-06-2017,Food,Bread,18
19-06-2017,Food,milk 1lit ,64
18-06-2017,Transportation,H to kala circle,12
18-06-2017,Transportation,Kala circle to H,15
17-06-2017,Food,milk 1lit ,64
16-06-2017,Gift,Jeff kellar's winning attitude,137
16-06-2017,Food,milk 1lit ,64
15-06-2017,Other,Courier,50
15-06-2017,Education,Print outs 3 + Xerox 16 + envelope 10,29
13-06-2017,Food,milk 1lit ,64
11-06-2017,Beauty,hair cut,100
11-06-2017,Food,milk 1lit ,64
10-06-2017,Health,Covaxin booster dose,386
10-06-2017,Transportation,2 Kushinagar express (LTT to Place 2),501
10-06-2017,subscription,TOI,170
08-06-2017,Transportation,2 Place 0 to Current Residence,30
08-06-2017,Transportation,2 Current Residence to Place 0,30
08-06-2017,Culture,2 tickets - Cinepolis 4DX 3D,760
08-06-2017,Food,Bread,35
08-06-2017,Food,milk 1lit ,64
08-06-2017,Food,6 pcs,35
07-06-2017,Household,Sanjori mould,26
06-06-2017,Education,Print out,3
06-06-2017,Food,2 Veg puff,40
06-06-2017,Food,milk 1lit ,64
05-06-2017,Food,Chicken Biryani 120+ dal rice 60,180
05-06-2017,Food,2 Cadbury dairy milk,20
05-06-2017,Health,3 Sinarest,18
05-06-2017,Health,Sofy antibacterial,190
05-06-2017,Family,,2500
04-06-2017,Food,Pav kg Simla mirch 20 + Hari mirch 5,25
04-06-2017,Food,milk 1lit ,64
03-06-2017,Food,sugarcane juice,20
03-06-2017,Household,Supermart,267
03-06-2017,Food,Non veg overloaded pizza,242.95
03-06-2017,subscription,,2700.1
02-06-2017,Food,Vadapav,20
02-06-2017,Food,M D sure 3kg atta,141
01-06-2017,Food,2 kachori,24
01-06-2017,Food,milk 1lit ,65
01-06-2017,maid,,1000
01-06-2017,Money transfer,,10000
31-05-2017,Apparel,undergarments pair of Jockey,655
30-05-2017,Food,5 chapati,25
30-05-2017,Transportation,2 Place 0 to Current Residence,30
30-05-2017,Food,Slice + Pepsi,40
30-05-2017,Food,2 veg Frankie,120
30-05-2017,Household,Crockery,275
30-05-2017,Food,2 tea,34
30-05-2017,Transportation,2 Place 0 to Place P return,80
30-05-2017,Transportation,2 Current Residence to Place 0,30
29-05-2017,Food,Half kg potato + half kg banana,35
29-05-2017,Education,Xerox,30
29-05-2017,Food,milk 1lit ,64
28-05-2017,Household,,996
28-05-2017,Food,2 kachori,24
28-05-2017,Food,,45
28-05-2017,Food,Mango 1 kg,140
28-05-2017,Food,,30
28-05-2017,Food,,60
28-05-2017,Food,Medu vada 1 plate + dal vada 1,70
27-05-2017,Food,milk 1lit ,64
27-05-2017,Education,Print outs+ Xerox,20
27-05-2017,Food,Pav kg tomato,20
25-05-2017,Food,Ragda Puri,30
25-05-2017,Transportation,Place 0 to Vikhroli single,15
24-05-2017,subscription,,261
24-05-2017,Food,Samosa pav @ kurla,15
24-05-2017,Transportation,Place 0 to Vikhroli return,30
24-05-2017,Food,milk 1lit ,64
23-05-2017,Food,Gupta bhel,25
23-05-2017,Household,Rasna orange,46
23-05-2017,Education,White board pen 25 + duster 50,75
22-05-2017,Food,M D sure 2kg atta,88
22-05-2017,Household,3 pin Holder,50
22-05-2017,Food,Coke 750ml,40
22-05-2017,Food,sugarcane juice,15
21-05-2017,Transportation,2 Place 0 to Place 4 return,30
21-05-2017,Transportation,2 Current Residence to Place 0,30
21-05-2017,Food,3 kg ( 2kg bajari Rs 7 each + 1kg gahu & maka mix Rs.10),24
21-05-2017,Transportation,Decathlon to station,20
21-05-2017,subscription,Monthly recharge,261
18-05-2017,Food,pav bhaji + 5 pav extra,219
18-05-2017,Food,,10
18-05-2017,Food,,60
18-05-2017,Food,Bhai poli,45
18-05-2017,Food,Poha,25
18-05-2017,Beauty,Shaving,50
18-05-2017,Food,milk 1lit ,64
18-05-2017,Food,,10
17-05-2017,Food,,5
17-05-2017,Food,Vanila family pack,99
17-05-2017,Food,Full egg fried rice 100 + Manchurian dry 100,210
17-05-2017,Food,,10
16-05-2017,Food,,10
16-05-2017,Beauty,Razor Blade,247
16-05-2017,Food,Non veg combo meal,234
16-05-2017,Food,,5
15-05-2017,subscription,March 210 + April 170,380
15-05-2017,Food,Veg cheese grill sandwich,100
15-05-2017,Food,Poha 25+ tea 10,35
14-05-2017,Household,Shev bhaji sev,50
14-05-2017,Food,Non veg overloaded pizza,242
13-05-2017,Food,Non veg overloaded pizza,242
13-05-2017,Food,,10
13-05-2017,Food,4 chapati,20
13-05-2017,Food,,5
13-05-2017,Food,Medu vada 1 plate,35
12-05-2017,Food,,10
12-05-2017,Food,4 chapati,20
12-05-2017,Food,,10
12-05-2017,Family,,5000
11-05-2017,Food,Full egg fried rice 100 + chicken lollypop 4 pcs 130,233
11-05-2017,subscription,,230
11-05-2017,Food,,10
11-05-2017,Beauty,Body hair removal cream,318
10-05-2017,Education,Courier,100
10-05-2017,Education,Xerox,12
10-05-2017,Education,2 envelope,24
10-05-2017,Food,4 chapati,20
10-05-2017,Food,Sweet bread cake 85 + veg puff 2,125
10-05-2017,Food,Dudhi 30 + 3 chapati,45
10-05-2017,Food,Tea + 2 kachori,34
09-05-2017,Food,Cornetto butterscotch,40
09-05-2017,Food,,10
09-05-2017,Food,4 chapati,20
09-05-2017,Food,Chana masala 30 + 3 chapati,45
08-05-2017,Food,Egg fry + chicken lollypop,191
08-05-2017,Food,Poha 25+ tea 10,35
07-05-2017,Food,Aloo mutter sabji,30
07-05-2017,Food,Chicken manchow soup,98
07-05-2017,subscription,No daily limit plan ( 25 GB 30 days),296
07-05-2017,Food,Double omlet pav + tea,45
06-05-2017,Food,5 chapati,25
06-05-2017,Food,Veg puff,20
06-05-2017,Food,,10
06-05-2017,Food,Paneer masala + hara bhara kabab 6 pcs,330
05-05-2017,Food,Bhendi masala 30 + 3 chapati,45
05-05-2017,Food,sugarcane juice,20
05-05-2017,Food,Bread,33
04-05-2017,subscription,No daily limit plan ( 25 GB 30 days),296
03-05-2017,Transportation,Place 0 to Current Residence,15
03-05-2017,Transportation,40 Place 0 to Place 3 return+ 20 single,60
03-05-2017,Transportation,2 Current Residence to Place 0,30
03-05-2017,Transportation,Place 0 to Place 6 return,10
03-05-2017,Household,Gas stove elica 3 burner,8825
03-05-2017,Gift,Decathlon shoes,1811
03-05-2017,Transportation,Place 3 to Place 2 sevagram,1100
03-05-2017,subscription,,2700.1
02-05-2017,Health,Q-dee strip,40
02-05-2017,Apparel,Puma Troy mu running shoes,2421
02-05-2017,Food,2 cups,20
02-05-2017,Food,milk 1lit ,64
01-05-2017,maid,,1000
01-05-2017,Food,2 Fried rice,321
01-05-2017,Transportation,2 Place 0 to Current Residence,30
01-05-2017,Transportation,2 Place 0 to WS single,10
01-05-2017,Transportation,2 Current Residence to Place 0,30
01-05-2017,Apparel,Shorts for Family,399
01-05-2017,Apparel,H&M Tshirt for Family,599
01-05-2017,Other,To savings account,100
01-05-2017,Food,M D sure 1kg atta,47
01-05-2017,Money transfer,,10000
30-04-2017,Food,chocobar,10
30-04-2017,Transportation,2 Place 0 to Current Residence,30
30-04-2017,Food,6 bananas,25
30-04-2017,Food,Chicken lollypop 8 pcs,221
30-04-2017,Food,2 Pani Puri+ 1 samosa chat,110
30-04-2017,Food,Chota bread,17
30-04-2017,Food,milk 1lit ,64
28-04-2017,Food,Cup of butterscotch (20) + chocobar (10),30
28-04-2017,subscription,1 month subscription,149
27-04-2017,Food,milk 1lit ,64
26-04-2017,Gift,farewell contribution,385
25-04-2017,Food,2 kachori,24
25-04-2017,Transportation,Place 6 station to college,10
25-04-2017,Transportation,2 Place 0 to Place 6 return,20
25-04-2017,Transportation,2 Current Residence to Place 0,30
25-04-2017,Food,milk 1lit ,64
24-04-2017,Other,Family's Wristwatch repair,170
23-04-2017,Food,Ladyfinger pav kg,15
23-04-2017,Food,2 Veg puff,40
22-04-2017,Food,sugarcane juice,20
22-04-2017,Transportation,Place 0 to Vikhroli return,30
22-04-2017,Food,milk 1 lit (64) + paneer (75) + bread (30) + 6 eggs (36),205
21-04-2017,Health,Q-dee strip,40
21-04-2017,subscription,Monthly recharge,261
20-04-2017,Household,Smart point,621.68
20-04-2017,Food,milk 1lit ,64
18-04-2017,Food,Raspberry dolly,20
18-04-2017,Food,milk 1lit ,64
17-04-2017,Food,"The X restaurant, Place 1",1076
17-04-2017,Family,H&M clothes,1497
16-04-2017,subscription,,192
14-04-2017,Family,,5000
12-04-2017,Food,8 pcs meduvada + 4 pcs dal vada + sambar + chatni,125
10-04-2017,Food,sugarcane juice,20
06-04-2017,Transportation,Place 6 to Place 2 - 3Tier AC cancellation charges,213.6
04-04-2017,Food,chocobar (25)+ chocolate cup (20),45
03-04-2017,Food,1 chicken shawarma,60
03-04-2017,subscription,,2700.1
01-04-2017,Food,egg roll,40
01-04-2017,Food,Half kg potato,10
01-04-2017,Food,Sambar masala (32)+ 2 milkybar,52
01-04-2017,Money transfer,,10000
31-03-2017,Transportation,2 Place 0 to dadar return,60
31-03-2017,Transportation,siddhivinayak to shiv sena bhavan,30
31-03-2017,Transportation,Dadar West to siddhivinayak,30
31-03-2017,Food,( pav bhaji + 2 extra pav + sabudana khichdi + kothimbir vada + masala bhat + piyush ),495
31-03-2017,Transportation,Place 4 station to Place 4 plaza,15
31-03-2017,Household,Laptop repair (servicing+ 2gb ram upgrade + fan replacement + antivirus),2500
31-03-2017,Transportation,Place 0 to Current Residence,15
31-03-2017,Transportation,2 Current Residence to Place 0,30
30-03-2017,Household,,245
28-03-2017,Food,Soda water,12
27-03-2017,Household,USB cord,260
27-03-2017,Food,milk 1lit ,60
26-03-2017,Household,Smart,786
26-03-2017,Food,milk 1 lit,60
25-03-2017,Food,Dahi 2 packets,20
25-03-2017,Health,Tablet,29
25-03-2017,Health,Jel,110
25-03-2017,Transportation,Place 2 to Place 1,900
25-03-2017,Health,Doctor Fees,150
25-03-2017,Food,milk 1 lit,60
23-03-2017,Family,,3000
23-03-2017,Food,3 sugarcane juice,60
23-03-2017,Other,Fifa 21 pc,1499
22-03-2017,Transportation,2 Place 0 to Current Residence,20
22-03-2017,Transportation,,50
22-03-2017,Household,Mattress advance,500
22-03-2017,Transportation,within city,33
22-03-2017,Transportation,2 Place 6 to Place 7,18
22-03-2017,Transportation,2 Place 0 to WS returns,20
22-03-2017,Transportation,2 Current Residence to Place 0,30
22-03-2017,Transportation,Place 6 to Place 2,600
20-03-2017,Household,2 Spike guard,450
19-03-2017,subscription,Mobile Service Provider freedom pack,296
18-03-2017,Food,2 samosa (32) + 25 Pani Puri,57
18-03-2017,Food,,160
18-03-2017,Food,Grapes + apple + guava,310
16-03-2017,subscription,6 months ( 30mb UL plan + 1 month free),2820
15-03-2017,Household,drainage powder,50
15-03-2017,Household,2 toast+ 2 parle g + Marie gold,111
15-03-2017,Food,2 softy,40
14-03-2017,Household,2 bath stool,300
13-03-2017,Food,,100
13-03-2017,Household,Wall hanging clipboard,400
13-03-2017,Beauty,hair cut,100
13-03-2017,Household,ceiling fans repair,1600
12-03-2017,Transportation,2 Place 0 to Current Residence,30
12-03-2017,Food,2 sugarcane juice,40
12-03-2017,Food,pav bhaji pav(90) + 4 pav extra(40),130
12-03-2017,Culture,2 Batman tickets,440
12-03-2017,Transportation,2 Place 0 to Place 4 return,40
12-03-2017,Transportation,2 Current Residence to Place 0,30
11-03-2017,Transportation,2 Place 0 to Current Residence,30
11-03-2017,Transportation,2 Place 0 to WS returns,20
11-03-2017,Food,bhel + shev puri,60
11-03-2017,Food,1.5 lit milk + 3 cold drink + 1 khari + 1 bread,200
10-03-2017,Transportation,2 Place 2 to Place 1,1599.98
10-03-2017,subscription,Mobile Service Provider freedom pack,296
10-03-2017,Food,milk 1lit ,62
10-03-2017,Food,3 plate kachori,72
09-03-2017,Food,2 orange juices,100
09-03-2017,Food,2 Schwan chutteny + 2 cheese cube + amul butter,100
08-03-2017,Food,naturals,150
07-03-2017,Food,1 kg apple + grapes 0.5 kg,190
07-03-2017,Food,,105
07-03-2017,Food,vanilla ice cream cups 2,20
07-03-2017,Food,milk 1lit ,62
07-03-2017,subscription,,2700.1
06-03-2017,Food,milk 1lit ,62
06-03-2017,Food,2 plate medu vada + 2 pcs dal vada,45
05-03-2017,Apparel,footwear repair,10
05-03-2017,Household,plastic kharata + brush,140
05-03-2017,Food,,949
05-03-2017,Transportation,Place 0 to sec 21,30
05-03-2017,Food,sugarcane juice 2,30
05-03-2017,Transportation,Place 0 to Place 6 return 2,20
05-03-2017,Transportation,Current Residence to Place 0,30
04-03-2017,Food,vanilla ice cream cups 2,20
03-03-2017,Food,milk 1 lit + butter milk + srikhand pav kg,148
01-03-2017,Household,measuring tape,50
01-03-2017,Money transfer,,10000
28-02-2017,Transportation,within city,40
28-02-2017,Food,sabudana + rajgira ladu,85
28-02-2017,Transportation,Place 0 to Current Residence,30
28-02-2017,Transportation,2 Place 3m to vadala rd,10
28-02-2017,Transportation,BEST 138 - Marine drive to Place 3m,12
28-02-2017,Food,,10
28-02-2017,Other,fine,400
28-02-2017,Food,At restaurant,2421
28-02-2017,Transportation,2 Santacruz to churchgate,20
28-02-2017,Food,sugarcane juice 2,30
28-02-2017,Transportation,share auto - mumbai University Kalina to Santacruz station,40
28-02-2017,Transportation,Current Residence to Place 0,30
28-02-2017,Transportation,2 Santacruz return,80
28-02-2017,Transportation,Santacruz to Kalina University,57
27-02-2017,Transportation,2 TB return,40
27-02-2017,Transportation,Place 0 to Current Residence,30
27-02-2017,Transportation,Current Residence to Place 0,30
27-02-2017,Food,6 chapati(8 rs) + half rice,88
27-02-2017,Household,3 Wall clock cell,55
27-02-2017,Food,milk 1lit  + amul butter milk,76
26-02-2017,Transportation,Place 0 to WS returns,20
26-02-2017,Transportation,Current Residence to Place 0,30
26-02-2017,Household,,846
26-02-2017,Household,dustbin + basin sink cover,360
26-02-2017,Food,2 Jumbo king burger,58
25-02-2017,Household,exide inverter battery 150amp,8500
25-02-2017,Household,tube and inverter fitting,1600
25-02-2017,Household,hp cylinder,920
25-02-2017,Food,veg paneer tikka 4 roti,318
25-02-2017,subscription,,100
25-02-2017,Food,veg triple Schwan fried rice,247
24-02-2017,Food,milk 1 lit + butter milk,75
24-02-2017,Food,3 tea yevle amrutullya,30
24-02-2017,Food,At restaurant,100
23-02-2017,Food,2 vanilla + 2 butterscotch,80
22-02-2017,Education,stamp pad,30
22-02-2017,Transportation,Place 2 to Place 1,5500
21-02-2017,Food,pav vada,10
19-02-2017,Money transfer,To Family,23
19-02-2017,Food,sugarcane juice 2,30
19-02-2017,Education,laminated colour print out,25
19-02-2017,Apparel,undergarments pair of Jockey,498
18-02-2017,Family,,500
18-02-2017,subscription,Mobile Service Provider recharge wfh,301
16-02-2017,Gift,farewell contribution,400
13-02-2017,subscription,Mobile Service Provider recharge wfh,301
12-02-2017,Other,laptop repair (format 350 + quick heal pro 500),850
11-02-2017,Other, courier,75
11-02-2017,Food,single pav vada,10
11-02-2017,Family,,1000
08-02-2017,Gift,Handbag to Family,1499
06-02-2017,Food,half kg chiku,30
06-02-2017,Food,1 kg apple,140
06-02-2017,Food,vegetables,195
06-02-2017,Food,jira + toast pav kilo,110
05-02-2017,Transportation,within city,40
05-02-2017,Food,,10
05-02-2017,Transportation,N to M,330
04-02-2017,Apparel,clothes ironing,38
04-02-2017,Food,5 pouch of shreejal,60
04-02-2017,Food,samosa + sabudana vada,53
04-02-2017,Food,half liter buffalo,30
03-02-2017,Health,meftal spas,8
03-02-2017,Food,parath + chicken biryani,412.25
03-02-2017,Food,shreejal 1,12
03-02-2017,Food,parle top biscuits,10
03-02-2017,Food,chicken roll,50
03-02-2017,subscription,,2700.1
02-02-2017,Food,At restaurant,1160
02-02-2017,subscription,Mobile Service Provider recharge wfh,301
01-02-2017,subscription,Mobile Service Provider recharge wfh,301
01-02-2017,Food,half liter buffalo,33
01-02-2017,Money transfer,,10000
31-01-2017,Food,half liter buffalo,35
30-01-2017,Food,half liter buffalo,35
30-01-2017,Food,single pav vada,15
29-01-2017,Food,3 parathe ( 80 mix veg + 70 methi + 100 paneer aloo),250
29-01-2017,Food,cheese chilli toast sandwich 1,60
29-01-2017,Food,2 Shegaon kachori (nasik),30
29-01-2017,Food,brown bread,35
29-01-2017,Food,half liter buffalo,35
29-01-2017,Transportation,within city,30
29-01-2017,Transportation,2 tickets Place 2 to N,510
29-01-2017,Transportation,within city,30
23-01-2017,subscription,,181
23-01-2017,Gift,Birthday gift,649
22-01-2017,Family,,2000
22-01-2017,Food,,410
21-01-2017,subscription,Mobile Service Provider recharge,149
20-01-2017,subscription,Mobile Service Provider recharge wfh,301
19-01-2017,Food,2 Bombay vada pav,20
19-01-2017,Family,syrup,145
16-01-2017,Transportation,GHroad to Permanent Residence,40
16-01-2017,Household,chair pair,2400
16-01-2017,Other,adhar pvc card order,50
15-01-2017,Food,chole + shev,140
15-01-2017,Food,fruits and vegetables + kirana,540
11-01-2017,Food,3 chips packets + bread,45
11-01-2017,Health,adulsa ( tonic for cough ),90
10-01-2017,Food,1 kg apple + bananas,160
09-01-2017,Food,Himalaya soap(30) + Sofie (59) + kitkat (10),99
09-01-2017,Beauty,hair cut+shaving,80
08-01-2017,subscription,1 month subscription,149
08-01-2017,Transportation,Place 2 bus stand to Permanent Residence,50
07-01-2017,Food,woffel,175
07-01-2017,Transportation,Current Residence to hotel on highway,50
06-01-2017,Transportation,Place 1 to Place 2 - Novelty tour and travels,1396.5
06-01-2017,Food,veg paneer tikka 3 roti,294
06-01-2017,Food,milk 0.5 lit ,31
06-01-2017,Household,moscuito racket,200
06-01-2017,Food,4 Shegaon kachori,48
05-01-2017,Household,inverter battery check,100
05-01-2017,Food,milk 0.5 lit ,31
05-01-2017,subscription,Mobile Service Provider recharge wfh,301
04-01-2017,Food,biscuits+icecream,40
03-01-2017,subscription,,2816.92
03-01-2017,Food,fruits and vegetables,140
03-01-2017,Food,Pastry 2,50
03-01-2017,Food,yevle amrutullya,20
03-01-2017,Food,milk 0.5 lit ,31
03-01-2017,Food,2 uttapam,310
03-01-2017,Food,,70
03-01-2017,Food,farm house pizza,330
03-01-2017,Culture,Imax 3D,400
03-01-2017,Transportation,Place 0 to WS returns,20
03-01-2017,Transportation,Current Residence to Place 0,30
02-01-2017,Transportation,Current Residence to Place 0,60
02-01-2017,Household,belan,110
02-01-2017,Food,1 veg noodles + 1 chicken soup + 1 egg fried rice,386
01-01-2017,Food,fruits and vegetables,510
01-01-2017,Health,antibiotics,354
01-01-2017,Food,1kg atta,40
01-01-2017,Household,Channi + viper+ ghasni,50
01-01-2017,Food,pizza meal,340
01-01-2017,Health,Doctor Fees,300
01-01-2017,Money transfer,,100000
31-12-2016,Food,milk + butter + biscuits/toast,77
31-12-2016,Food,1 chicken shawarma + 1 chicken lollipop - 1 veg cheese burger,375
31-12-2016,Food,1 Panipuri,25
31-12-2016,Gift,Birthday gift,1096
31-12-2016,Health,strepsils 1 strip,24
31-12-2016,Food,veg fried rice,170
31-12-2016,subscription,EMI 1,2816
31-12-2016,Food,edible oil,160
30-12-2016,Transportation,Permanent Residence to bus stand,100
29-12-2016,Other,xerox,25
29-12-2016,Food,2 chips packets,10
29-12-2016,Food,1 sher bajri 1 kg dadar 1 kg makka,14
29-12-2016,subscription,,214
29-12-2016,Transportation,LTT to Place 2 (Patna Exp) cancellation,403
29-12-2016,Gift,Nokia 215 mobile for Aai,3195
28-12-2016,Food,Monaco biscuits,10
28-12-2016,Other,specs,1780
25-12-2016,subscription,Mobile Service Provider recharge wfh,301
22-12-2016,Gift,farewell contribution,285
22-12-2016,Transportation,Place 5 to Place 1 sevagram,11.8
21-12-2016,Family,sweater,1874
21-12-2016,Transportation,LTT to Place 2 cancellation,251.8
21-12-2016,Transportation,Place 2 to Place 1 - Novelty tour and travels,1900
19-12-2016,Food,2 dabeli,30
19-12-2016,Household,sensitive toothbrush,49
19-12-2016,Food,chips 1 Kurkure (19) 1 lays (10),29
19-12-2016,Food,1 kg mosambi 1 kg apple,170
18-12-2016,Family,,2000
17-12-2016,subscription,Mobile Service Provider recharge wfh,301
14-12-2016,Food,,200
13-12-2016,Other,kalnirnay calender,35
13-12-2016,Household,oralB toothbrush with cap,25
13-12-2016,Gift,farewell contribution,350
11-12-2016,Other,jeevan drop,45
11-12-2016,Health,Doctor Fees,200
11-12-2016,Health,eye drop maxmoist,257
10-12-2016,Food,chocobar,30
10-12-2016,Investment,,1000
10-12-2016,Recurring Deposit,,1000
09-12-2016,subscription,Mobile Service Provider recharge wfh,301
08-12-2016,Food,cheese cubes(2),30
08-12-2016,Other,OTT Platform 1 subscription,199
07-12-2016,Investment,,1000
05-12-2016,Family,tonic,155
05-12-2016,Investment,,1000
05-12-2016,Recurring Deposit,,1000
04-12-2016,Food,gilke,25
04-12-2016,Food,kadhipatta + 2 lemon,10
04-12-2016,Food,kandyachi paat,8
04-12-2016,Food,tomato,30
04-12-2016,Food,onion 1 kg,25
04-12-2016,Food,val + methi + lady finger,50
04-12-2016,Food,carrets + brinjal + flower,90
04-12-2016,Food,3 chips packets,15
04-12-2016,Food,pav bhaji pav 3 packets (8pcs each),45
04-12-2016,Food,8 bananas,20
03-12-2016,Food,Colgate max fresh medium,55
03-12-2016,Food,2 milkybar,20
01-12-2016,Investment,,40000
01-12-2016,Money transfer,,10000
30-11-2016,Family,leggings,500
30-11-2016,subscription,Mobile Service Provider recharge wfh,251
30-11-2016,subscription,mobile recharge sim 2,98
29-11-2016,Family,Himalaya shampoo,60
28-11-2016,Household,Metz 32 inch TV,20500
28-11-2016,Other,flour mill,8
28-11-2016,Food,mava 1 large,20
25-11-2016,subscription,Mobile Service Provider recharge wfh,251
21-11-2016,Transportation,within city,50
21-11-2016,Health,strepsils,15
21-11-2016,Transportation,within city,70
20-11-2016,Transportation,Locality V to Permanent Residence,50
19-11-2016,Food,poppins,2
19-11-2016,Food,"3 parathe , 1 Hara bhara kabab, 1 rabdi malai, 1 masala papad, 1 pepsi",1087
19-11-2016,Transportation,within city,50
19-11-2016,Food,two water bottles,40
19-11-2016,Other,Sayaji baug express (50/adult),100
19-11-2016,Transportation,ola auto - BRC ,40
19-11-2016,Transportation,Place T to brc,94
19-11-2016,Transportation,share jeep - Place T top to base (50/person),100
19-11-2016,Food,lemon juice ( 20/person),40
19-11-2016,Other,"Puja saman (150 for 5 Nariyal, 400 for 1kg sweets and 190 for rest)",740
19-11-2016,Transportation,ropeway Place T to and fro (169/person),338
19-11-2016,Transportation,share jeep - Place T base to top (50/person),100
19-11-2016,Transportation,share auto - Place H to Place T base (20/person),40
19-11-2016,Transportation,bus - brc to Place H ( 27/person),54
19-11-2016,Transportation,within city,80
17-11-2016,Food,single pav vada,10
15-11-2016,Food,lemons,20
15-11-2016,Other,flowers,10
15-11-2016,Food,apple + mosambi 1kg each,180
14-11-2016,Transportation,Veer Travels - BRC to Place 2 ( 2 Adults),1800
14-11-2016,Transportation,Kabra Travels - Place 2 to BRC (2 Adults),4662
12-11-2016,Health,mouth fresh,55
12-11-2016,Food,Bombay vada pav,10
10-11-2016,Transportation,Permanent Residence to Bandhu prem,40
10-11-2016,Investment,RD,1000
10-11-2016,Investment,Life Insurance,11286
10-11-2016,Investment,,1000
10-11-2016,Investment,,1000
09-11-2016,Other,gulal,10
08-11-2016,subscription,1 month subscription,199
07-11-2016,Food,ice cream,45
05-11-2016,Transportation,Permanent Residence to hospital,30
05-11-2016,Investment,RD,1000
05-11-2016,Investment,,1000
04-11-2016,Festivals,firecracker,50
03-11-2016,Food,butter + frozen vatana+ 9 pan,240
03-11-2016,Other,cake + Happy Birthday letters,470
03-11-2016,Health,medicine,700
02-11-2016,Grooming,cutting + shaving,80
01-11-2016,Festivals,firecracker,450
01-11-2016,Food,mosambi 1kg,50
01-11-2016,Investment,,10000
01-11-2016,Money transfer,,10000
31-10-2016,Festivals,Mi band 5 ( Bhaiduj gift),1999
28-10-2016,Health,syrup+tablet+ mortein refill,221
28-10-2016,Transportation,Permanent Residence to pathology,40
27-10-2016,subscription,,251
27-10-2016,Family,Undated Planner - June shop,1119.2
27-10-2016,Food,mehndi,25
27-10-2016,Food,apple + mosambi 1kg each,170
26-10-2016,Health,,617
25-10-2016,Food,egg roll,25
24-10-2016,Food,popcorn+mehndi+mosambi+orange+all out refill,320
22-10-2016,Food,Khari,35
22-10-2016,Food,pav vada,20
17-10-2016,Food,butter + paneer + pav+batate+tamate,215
15-10-2016,Food,,430
14-10-2016,Food,sugar + biscuits,120
13-10-2016,Family,scratch guard ipad,249
12-10-2016,Food,coconut,150
10-10-2016,Food,apple half kg+ mixer repair+flowers,100
10-10-2016,Investment,,1000
10-10-2016,Investment,,1000
10-10-2016,Investment,,1000
09-10-2016,Family,scratch guard ipad,249
09-10-2016,Health,,40
09-10-2016,Transportation,Permanent Residence to hospital to n fro,80
09-10-2016,Food,mosambi 1kg+ gavar pav kilo+lemon 3 + kothimbir,90
08-10-2016,Beauty,razor,174
07-10-2016,subscription,1 month subscription,199
05-10-2016,Investment,,1000
05-10-2016,Investment,,1000
01-10-2016,Festivals,vargini,200
01-10-2016,Investment,,10000
01-10-2016,Money transfer,,10000
28-09-2016,Other,flour mill,32
19-09-2016,Food,,33
15-09-2016,Food,chocobar+milk+chips,95
14-09-2016,subscription,,251
14-09-2016,Family,baggit purse,437
13-09-2016,Food,brownie,70
13-09-2016,Food,riverdine date,845
12-09-2016,Food,bread,35
12-09-2016,Food,half liter buffalo,35
12-09-2016,Food,vanilla ice cream cups 2,20
11-09-2016,Food,badishop,70
11-09-2016,Food,half liter buffalo,35
11-09-2016,Transportation,meghdoot to plaza,20
10-09-2016,Investment,,1000
10-09-2016,Investment,,1000
09-09-2016,Food,1lit buffalo milk,70
08-09-2016,Food,cold coffee,30
08-09-2016,Food,bread,20
08-09-2016,subscription,,251
07-09-2016,Food,1 dozen,72
07-09-2016,Investment,,1000
06-09-2016,Transportation,Place 6 to Place 2,598.5
05-09-2016,Investment,,1000
05-09-2016,Investment,,1000
01-09-2016,Transportation,Place 2 to mum,750
01-09-2016,subscription,,251
01-09-2016,Investment,,10000
01-09-2016,Money transfer,,10000
29-08-2016,Festivals,Ganesh idol,361
29-08-2016,Household,boric powder,40
29-08-2016,Household,lizol,98
24-08-2016,Festivals,rakshabandhan ovalni ,500
23-08-2016,Family,,2000
22-08-2016,Festivals,rakshabandhan ovalni ,500
21-08-2016,Other,earphones,100
18-08-2016,subscription,,251
14-08-2016,Other,pens,5
14-08-2016,Grooming,hair cut,100
11-08-2016,Investment,Life Insurance,11286
10-08-2016,Investment,,1000
10-08-2016,Investment,,1000
09-08-2016,subscription,,251
07-08-2016,Investment,,1000
07-08-2016,Family,PET Psychology,750
05-08-2016,Investment,,1000
05-08-2016,Investment,,1000
04-08-2016,Family,ipad cover,260
01-08-2016,Investment,,10000
01-08-2016,Money transfer,,15000
31-07-2016,Other,frame for specs,250
25-07-2016,subscription,,251
21-07-2016,subscription,,251
20-07-2016,subscription,Mobile Service Provider recharge 365 days,2599
13-07-2016,Health,citrizen + crocine,10
12-07-2016,Investment,,1000
12-07-2016,Investment,Mutual fund C,1000
07-07-2016,Investment,Mutual fund B,1000
05-07-2016,Investment,,1000
05-07-2016,Investment,Mutual fund A,1000
05-07-2016,subscription,,251
04-07-2016,subscription,,251
01-07-2016,Family,Family Mobile Service Provider recharge,2599
01-07-2016,Investment,,10000
01-07-2016,Money transfer,,15000
30-06-2016,Other,pan card application,106.9
27-06-2016,Transportation,Chalisgaon to Baroda return,3200
27-06-2016,subscription,,251
23-06-2016,subscription,Amazon prime subscription,995
22-06-2016,subscription,Mobile Service Provider sim card porting,350
20-06-2016,Food,icecream,140
19-06-2016,Food,grocery,600
19-06-2016,Family,Family exam form,905
18-06-2016,Other,flour mill,38
12-06-2016,Food,,84
12-06-2016,subscription,,251
10-06-2016,Investment,,1000
10-06-2016,Investment,Mutual fund C,1000
07-06-2016,Investment,Mutual fund B,1000
05-06-2016,Investment,,1000
05-06-2016,Investment,Mutual fund A,1000
05-06-2016,Food,biscuits + medicine,68
01-06-2016,Investment,,10000
01-06-2016,Money transfer,,10000
01-06-2016,Food,1 Jar,25
31-05-2016,Transportation,Permanent Residence to LB road,50
30-05-2016,subscription,,251
29-05-2016,Food,sanitary napkins+chocolates+Maggie+khajoor,504
22-05-2016,Grooming,hair cut+shaving,120
22-05-2016,Transportation,Permanent Residence to nearby hospital,40
19-05-2016,Food,agarbatti + icecream pack,180
17-05-2016,Investment,Life Insurance,11286
17-05-2016,Other,Aadhar mobile number and email id updated,100
16-05-2016,subscription,,251
10-05-2016,Investment,,1000
10-05-2016,Investment,Mutual fund C,1000
07-05-2016,Investment,Mutual fund B,1000
06-05-2016,subscription,,251
05-05-2016,Investment,,1000
05-05-2016,Investment,Mutual fund A,1000
03-05-2016,subscription,,251
02-05-2016,Other,flour mill,25
01-05-2016,Investment,,10000
01-05-2016,Money transfer,,10000
28-04-2016,subscription,subscription,299
26-04-2016,Food,dettol handwash + khari + toast + goodday,259
24-04-2016,subscription,kindle unlimited,169
20-04-2016,subscription,,251
16-04-2016,Household,sensodyne toothbrush,50
15-04-2016,subscription,,251
12-04-2016,Investment,,1000
12-04-2016,Investment,Mutual fund C,1000
11-04-2016,subscription,,251
11-04-2016,Food,,1279
07-04-2016,Investment,Mutual fund B,1000
05-04-2016,Investment,,1000
05-04-2016,Investment,Mutual fund A,1000
03-04-2016,subscription,subscription 1 yr,300
02-04-2016,subscription,,251
02-04-2016,Food,rasna orange,20
02-04-2016,Transportation,LB road to Permanent Residence,50
02-04-2016,Other,jeevan drop,30
01-04-2016,Investment,,10000
01-04-2016,Money transfer,,10000
29-03-2016,Other,owalni,100
28-03-2016,Other,hit spray(99)+biscuits+mask,159
22-03-2016,subscription,kindle unlimited,169
21-03-2016,subscription,,251
20-03-2016,Food,sambhar masala,35
20-03-2016,Other,print out,5
16-03-2016,Gift,Ganesh murthi,80
15-03-2016,subscription,Mobile Service Provider recharge wfh,251
11-03-2016,Food,cheese cubes(2)+ neutralite butter,60
11-03-2016,Other,watch repair,250
11-03-2016,Education,Gel pens,20
10-03-2016,Investment,,1000
10-03-2016,Investment,Mutual fund C,1000
08-03-2016,Investment,Mutual fund B,1000
06-03-2016,subscription,Mobile Service Provider recharge wfh,251
05-03-2016,Investment,,1000
05-03-2016,Investment,Mutual fund A,1000
02-03-2016,Investment,,10000
28-02-2016,Food,biscuits,70
28-02-2016,Grooming,hair cut,100
28-02-2016,Food, pedhe,100
28-02-2016,Other,flour mill,11
27-02-2016,subscription,Mobile Service Provider recharge wfh,251
27-02-2016,Other,moscuito racket,250
27-02-2016,Food, pedhe,50
26-02-2016,Money transfer,,10000
24-02-2016,subscription,audible subscription,199
22-02-2016,Food,5star (2)+munch(2),40
22-02-2016,subscription,kindle unlimited,169
20-02-2016,Food,biscuits,85
14-02-2016,Food,bread (10)+Cadbury(10)+ cheese + myvaneese+pav bhaji masala,165
13-02-2016,Transportation,within city,40
13-02-2016,Health,hand gloves 4 pairs,80
10-02-2016,Investment,,1000
10-02-2016,Investment,Mutual fund C,1000
08-02-2016,Investment,Mutual fund B,1000
08-02-2016,subscription,Mobile Service Provider recharge wfh,251
07-02-2016,Food,,160
05-02-2016,Investment,,1000
05-02-2016,Investment,Mutual fund A,1000
01-02-2016,Investment,,10000
31-01-2016,Money transfer,,10000
26-01-2016,subscription,audible subscription,199
22-01-2016,subscription,kindle unlimited,169
12-01-2016,Apparel,slippers,200
11-01-2016,Investment,,1000
11-01-2016,Investment,Mutual fund C,1000
10-01-2016,Household,chalk for ants,15
09-01-2016,subscription,Mobile Service Provider recharge wfh,251
08-01-2016,Other,laptop table,1994
07-01-2016,Investment,Mutual fund B,1000
05-01-2016,Investment,,1000
05-01-2016,Investment,Mutual fund A,1000
05-01-2016,Food,cake,350
05-01-2016,Transportation,grandparents to Permanent Residence,30
01-01-2016,Food,Everest pav bhaji masala,35
01-01-2016,Investment,,10000
01-01-2016,Money transfer,,10000
01-01-2016,Food,Amul butter 100gm(4 pcs),192
31-12-2015,Food,cake + balloon (150)+caps(50+40),540
30-12-2015,Food,cake advance,100
30-12-2015,Beauty,hair cut+shaving+dye+facial,2000
26-12-2015,Other,flour mill,28
26-12-2015,Other,audible subscription,199
25-12-2015,Apparel,sliper,270
25-12-2015,Household,dustbin bags,50
21-12-2015,Other,kindle unlimited,169
20-12-2015,Gift,secret Santa - diary,465
19-12-2015,Food,,80
19-12-2015,Health,hand sanitizer,220
19-12-2015,Health,eye drop maxmoist,235
12-12-2015,Transportation,within city,50
11-12-2015,Transportation,station to Permanent Residence,100
10-12-2015,Investment,,1000
10-12-2015,Recurring Deposit,,1000
08-12-2015,Other,flour mill,28
07-12-2015,Investment,reliance mutual fund,1000
05-12-2015,Recurring Deposit,,1000
05-12-2015,Food,Cadbury 2 + chips 2,90
05-12-2015,Other,petrol,200
05-12-2015,Investment,ICICI prudential,1000
02-12-2015,Apparel,Kolhapuri chappal,325
01-12-2015,Apparel,roadstar black fishermen sandals,773
01-12-2015,Food,,84
01-12-2015,Money transfer,,50000
01-12-2015,Public Provident Fund,,10000
01-12-2015,Gift,to Family,1024
29-11-2015,Transportation,,50
29-11-2015,Transportation,,30
29-11-2015,Transportation,,40
27-11-2015,Food,egg roll,25
26-11-2015,Other,audible subscription,199
21-11-2015,Other,Mobile Service Provider recharge wfh,251
21-11-2015,Food,1 dozen,84
14-11-2015,Other,flowers (.5kg)+sweets (.25gm+10/-)+vegetables (1.5kg),310
12-11-2015,Food,egg roll,25
10-11-2015,Recurring Deposit,,1000
10-11-2015,Investment, mutual fund,1000
07-11-2015,Investment,reliance mutual fund,1000
07-11-2015,Other,Mobile Service Provider recharge wfh,251
05-11-2015,Investment,ICICI prudential,1000
05-11-2015,Recurring Deposit,,1000
05-11-2015,Food,12 eggs,84
04-11-2015,Public Provident Fund,,10000
03-11-2015,Transportation,Permanent Residence to nearby  hospital,40
01-11-2015,Money transfer,,10000
01-11-2015,Transportation,Locality V to Permanent Residence,70
31-10-2015,Food,water bottle + khari sing,70
31-10-2015,Transportation,b45 to Pandya bridge,71
31-10-2015,Food,,10
31-10-2015,Food,sweats,250
31-10-2015,Health,face mask,150
31-10-2015,Transportation,golden circle to b45,180
30-10-2015,Beauty,hair cut,50
30-10-2015,Transportation,Permanent Residence to kacheri,30
29-10-2015,Transportation,redbus - brc to Place 2,665
28-10-2015,Gift,to Family,1000
28-10-2015,Transportation,Place 2 to brc travels,660
27-10-2015,Other,audible subscription,199
25-10-2015,Household,Sapat Parivar Tea half kg,240
24-10-2015,Household,plumber,100
23-10-2015,Transportation,mandir to hospital,20
23-10-2015,Other,hanger clips,40
22-10-2015,Other,Mobile Service Provider recharge wfh,251
21-10-2015,Other,toll+petrol,500
18-10-2015,Apparel,belt + socs,1479
18-10-2015,Transportation,Ola - Place 1 to Place 5 to and fro,803
18-10-2015,Money transfer,,2000
10-10-2015,Recurring Deposit,,1000
10-10-2015,Investment, mutual fund,1000
07-10-2015,Investment,reliance mutual fund,1000
07-10-2015,Gift,kindle + gift wrap,8029
05-10-2015,Investment,ICICI prudential,1000
05-10-2015,Recurring Deposit,,1000
02-10-2015,Food,cold coffee,420
01-10-2015,Public Provident Fund,,10000
30-09-2015,Other,phone cover,100
28-09-2015,Other,Mobile Service Provider sim card,350
28-09-2015,Health,6 pairs of use and throw gloves,120
28-09-2015,Health,2 n95 masks,300
27-09-2015,Other,audible subscription,199
26-09-2015,Other,shoe polish,30
21-09-2015,Other,Mobile Service Provider fi router,2099
11-09-2015,Food,chicken lollypop + biryani,379
10-09-2015,Investment, mutual fund,1000
10-09-2015,Recurring Deposit,,1000
07-09-2015,Investment,reliance mutual fund,1000
05-09-2015,Recurring Deposit,,1000
05-09-2015,Investment,ICICI prudential,1000
01-09-2015,Public Provident Fund,,10000
31-08-2015,Money transfer,,10000
31-08-2015,Other,Screw driver kit,287
30-08-2015,Other,all out refill,72
28-08-2015,Other,audible subscription,199
14-08-2015,Household,mixer Philips 7756,3499
13-08-2015,Other,internet renewal (3 months pack),1450
10-08-2015,Recurring Deposit,,1000
10-08-2015,Investment, mutual fund,1000
07-08-2015,Investment,reliance mutual fund,1000
05-08-2015,Recurring Deposit,,1000
05-08-2015,Investment,ICICI prudential,1000
03-08-2015,maid,,333
02-08-2015,Money transfer,,10000
02-08-2015,Public Provident Fund,,10000
02-08-2015,Rent,,2500
29-07-2015,Other,audible subscription,199
19-07-2015,Other,Mobile Service Provider recharge 365 days,2599
10-07-2015,Investment, mutual fund,1000
10-07-2015,Recurring Deposit,,1000
09-07-2015,Other,earphones,459
07-07-2015,Investment,reliance mutual fund,1000
06-07-2015,Investment,ICICI prudential,1000
06-07-2015,Recurring Deposit,,1000
02-07-2015,Other,splitwise settlement,312
01-07-2015,maid,,333
01-07-2015,Rent,,2833
01-07-2015,Money transfer,,10000
01-07-2015,Public Provident Fund,,10000
29-06-2015,Other,Amazon prime,199
23-06-2015,Other,Amazon prime,999
10-06-2015,Investment, mutual fund,1000
10-06-2015,Recurring Deposit,,1000
10-06-2015,Other,Tambola,50
08-06-2015,Investment,reliance mutual fund,1000
05-06-2015,Investment,ICICI prudential,1000
05-06-2015,Recurring Deposit,,1000
01-06-2015,Cook,,776
01-06-2015,Rent,,2543
01-06-2015,Public Provident Fund,,10000
31-05-2015,Household,electricity bill,2671
31-05-2015,Money transfer,,10000
17-05-2015,Transportation,BR to mumbai,6000
16-05-2015,Other,splitwise settlement,607
16-05-2015,Food,bananas 1 kg,20
16-05-2015,Food,milk half shakti,26
15-05-2015,Food,milk half shakti,26
14-05-2015,Other,internet renewal (3 months pack),1450
13-05-2015,Health,N95 mask,250
13-05-2015,Food,milk half shakti,26
12-05-2015,Food,milk half shakti,26
11-05-2015,Investment, mutual fund,1000
11-05-2015,Recurring Deposit,,1000
11-05-2015,Food,onions,20
11-05-2015,Food,milk half shakti,26
10-05-2015,Household,sensodyne rapid fire,160
09-05-2015,Health,hand sanitizer + surgical gloves,290
09-05-2015,Food,milk half shakti,52
09-05-2015,Food,gobi,20
08-05-2015,Food,milk half shakti,26
07-05-2015,Investment,reliance mutual fund,1000
06-05-2015,Health,Limcee+,70
05-05-2015,Investment,ICICI prudential,1000
05-05-2015,Recurring Deposit,,1000
05-05-2015,Food,methi + palak,100
05-05-2015,Food,milk half shakti,26
03-05-2015,Public Provident Fund,April -May 10k contribution,20000
03-05-2015,Food,,1178
03-05-2015,Cook,,5000
02-05-2015,Money transfer,,10000
02-05-2015,Food,milk half shakti,28
01-05-2015,Food,dahi,20
28-04-2015,Food,milk half gold,28
26-04-2015,Other,stationary (drawing book + black sketch pen),59
26-04-2015,Food,eggs + bread,110
26-04-2015,Food,srikhand,114
24-04-2015,Food,snacks + veggie,420
23-04-2015,Food,milk half gold,56
18-04-2015,Other,hair oil,180
18-04-2015,Food,snacks,324
14-04-2015,Other,covid19 donation to PM fund,500
13-04-2015,Investment, mutual fund,1000
13-04-2015,Recurring Deposit,,1000
10-04-2015,Food,,699
08-04-2015,Food,,156
07-04-2015,Recurring Deposit,,1000
07-04-2015,Investment,reliance mutual fund,1000
06-04-2015,Investment,ICICI prudential,1000
05-04-2015,Money transfer,,10000
04-04-2015,Food,,287
04-04-2015,Food,,889
04-04-2015,Other,cleaning drainage,300
04-04-2015,garbage disposal,,50
02-04-2015,Cook,,5000
01-04-2015,Food,toothbrush + biscuits,50
29-03-2015,Health,kala hit,269
29-03-2015,Food,,150
25-03-2015,water (jar /tanker),,20
24-03-2015,Food,,26
23-03-2015,Food,,433.8
23-03-2015,water (jar /tanker),refilling,20
20-03-2015,Apparel,dry cleaning,100
20-03-2015,Health,dentist check-up,3700
19-03-2015,Household,cooker ring,50
18-03-2015,Food,samosa+tea+veg cheese grill sandwich,53
18-03-2015,Food,dal fry and chapati,25
18-03-2015,Food,aloo paratha,20
18-03-2015,Food,,26
17-03-2015,Other,laptop repair,450
16-03-2015,Health,dentist check-up,1000
16-03-2015,Food,,20
15-03-2015,Apparel,altering,30
15-03-2015,Food,shakti + bread,36
15-03-2015,Other,cycle air pumping,5
14-03-2015,Apparel,ironing,40
14-03-2015,Food,,26
13-03-2015,Transportation,to office,10
12-03-2015,Health,root canal due,1900
12-03-2015,Food,,30
11-03-2015,Recurring Deposit,,1000
11-03-2015,Food,,8
10-03-2015,Transportation,train - ddr to brc cancellation charges,11.8
10-03-2015,Investment, mutual fund,1000
10-03-2015,Transportation,train - brc to ddr cancellation charges,11.8
10-03-2015,Transportation,Place 0 to Bandra,20
10-03-2015,Transportation,Current Residence to Place 0,10
10-03-2015,Transportation,Bandra to Bandra terminus,20
09-03-2015,Other,Amazon prime,129
09-03-2015,Other,print out,6
07-03-2015,Investment,reliance mutual fund,1000
07-03-2015,Recurring Deposit,,1000
06-03-2015,Transportation,B45 to brc,10
06-03-2015,Food,orange juice,25
06-03-2015,Transportation,to office,10
05-03-2015,Investment,ICICI prudential,1000
05-03-2015,Beauty,,40
04-03-2015,Food,mosambi juice,25
03-03-2015,water (jar /tanker),water jar,108
03-03-2015,garbage disposal,,17
03-03-2015,maid,,333
03-03-2015,Cook,,1667
03-03-2015,Health,painkillers,82
03-03-2015,Health,root canal advance,3000
02-03-2015,Food,,30
02-03-2015,Money transfer,,10000
02-03-2015,Rent,,2833
02-03-2015,Health,painkillers,226
02-03-2015,Health,dentist check-up,300
02-03-2015,Food,canteen lunch,25
02-03-2015,Transportation,to office,10
02-03-2015,Food,2 uttapam,40
01-03-2015,Food,bananas,20
01-03-2015,Food,At restaurant,80
01-03-2015,Food,chicken manchow soup,88
01-03-2015,Food,,6
28-02-2015,Food,,26
28-02-2015,Food,chicken thali,55
28-02-2015,Food,,20
26-02-2015,Food,,6
26-02-2015,Transportation,office to vasna road,60
26-02-2015,Food,eggs,30
26-02-2015,Food,,26
24-02-2015,Food,vegetable,160
24-02-2015,Transportation,ola auto - BRC to b45,66
24-02-2015,Food,,10
23-02-2015,Transportation,Bandra to Bandra terminus,20
23-02-2015,Transportation,Place 0 to Bandra,20
23-02-2015,Apparel,shoe polish,20
23-02-2015,Transportation,to and fro Mum to BRC,526
23-02-2015,Other,splitwise settlement,4118
19-02-2015,Health,face mask,45
19-02-2015,Health,koflet,34
19-02-2015,Food,milk 1lit ,60
17-02-2015,Food,dinner,227
16-02-2015,Food,kaju katli 250gm,249
16-02-2015,Transportation,local - Place 0 to Place 5 return,30
15-02-2015,Household,mixer repair,250
15-02-2015,Other,Internet renewal,500
15-02-2015,Food,pani puri,20
15-02-2015,Transportation,local - vadala road to Place 0,15
15-02-2015,Transportation,taxi - dadar to vadala road,34
15-02-2015,Food,tea,20
15-02-2015,Food,bread,15
13-02-2015,Food,chana chat + tea,21
13-02-2015,Food,milk half shakti,27
12-02-2015,Food,Kurkure,10
12-02-2015,Food,tea,12
12-02-2015,Food,tea,10
11-02-2015,Food,paneer 150 gm,54
11-02-2015,Food,bread pakoda + tea,26
10-02-2015,Food,grocery,60
10-02-2015,Food,tea + kachuri,18
10-02-2015,Food,tea,6
09-02-2015,Food,paneer,35
09-02-2015,Food,farsan + khari sing,150
09-02-2015,Transportation,train - brc to mmct,176
08-02-2015,Food,egg fried rice,86
08-02-2015,Other,deo and amul milk,371
08-02-2015,Other,Internet renewal,3400
08-02-2015,Food,tea + biscuits,30
07-02-2015,Food,tea,6
05-02-2015,Food,water jar,375
05-02-2015,Food,bhel,40
05-02-2015,Food,snacks,21
04-02-2015,Food,grocery,1178
04-02-2015,Food,tea,30
04-02-2015,Food,milk half shakti,26
03-02-2015,Food,12 eggs,70
03-02-2015,Food,tea,10
03-02-2015,Food,grocery,107
03-02-2015,Other,shoe repair,100
03-02-2015,Food,chana chat + kachori,27
03-02-2015,Other,garbage collector,50
02-02-2015,Other,Permanent Residence money transfer,10000
02-02-2015,Food,milk half shakti,26
02-02-2015,Food,5 eggs,30
01-02-2015,Food,milk half shakti,26
01-02-2015,Household,electricity bill,784
01-02-2015,Apparel,undergarments,248
31-01-2015,Food,bananas,20
31-01-2015,Food,bhindi,40
30-01-2015,Transportation,auto - Genda circle to b45,100
30-01-2015,Food,dinner treat,1004
29-01-2015,Food,milk half shakti,26
29-01-2015,Food,good day biscuits,38
29-01-2015,Food,samosa,15
27-01-2015,Food,chana chat,15
27-01-2015,Food,tea,30
26-01-2015,Food,milk half shakti,26
26-01-2015,Food,paav,30
26-01-2015,Food,grocery,311
25-01-2015,Beauty,hair cut,60
24-01-2015,Food,tea,30
22-01-2015,Food,tea,20
22-01-2015,Food,snacks,33
21-01-2015,Food,grocery,120
21-01-2015,Household,broom,60
21-01-2015,Food,samosa + 2 tea,27
21-01-2015,Transportation,train - bdts to brc,264
21-01-2015,Transportation,train - brc to mmct,138
21-01-2015,Food,milk half gold,28
21-01-2015,Food,shev,50
20-01-2015,Food,srikhand,65
19-01-2015,Food,milk half gold,29
18-01-2015,Food,vegetable,60
18-01-2015,Food,tea,8
18-01-2015,Food,milk half gold,29
16-01-2015,Transportation,auto - GTR to hospital,30
16-01-2015,Transportation,auto - Alk to GTR,50
16-01-2015,Transportation,auto -  to race course,10
15-01-2015,Food,Ratri Bazar,155
15-01-2015,Transportation,auto - Amit nagar to b45,100
15-01-2015,Food,tea,10
14-01-2015,Food,3 bananas,13
14-01-2015,Food,Lunch - chicken fried rice + chicken soup,120
14-01-2015,Transportation,travels - Mumbai to brc,760
13-01-2015,Other,Internet renewal,500
13-01-2015,Food,tea,10
12-01-2015,Transportation,bus - Chinchwad to kala,175
12-01-2015,Transportation,ola auto - to Chinchwad transport bus stop,61
11-01-2015,Beauty,shaving,50
11-01-2015,Transportation,ola auto - wakad to GG skies,170
10-01-2015,Transportation,auto -hospital to bridge,50
10-01-2015,Transportation,travels - brc to pune,650
10-01-2015,Other,garbage collector,50
10-01-2015,Food,tea,20
09-01-2015,Food,sprout chat,20
09-01-2015,Other,participation fee - corporate cricket league,650
08-01-2015,Food,tea+ bourbon,20
07-01-2015,Food,sprout chat+tea+guava drink,31
06-01-2015,Food,sprout chat,15
06-01-2015,Food,tea,15
05-01-2015,Other,rent,2833
05-01-2015,Other,maid,333
05-01-2015,Food,dinner,135
05-01-2015,Other,cook,2250
04-01-2015,Food,shev,35
04-01-2015,Food,tea,20
04-01-2015,Food,rice,175
04-01-2015,Other,Public Provident Fund,10000
03-01-2015,Other,cricket expenses,223
03-01-2015,Food,water jar,350
03-01-2015,Food,milk half gold + 2 packs bourbon biscuits,49
02-01-2015,Food,grocery,66
02-01-2015,Other,Permanent Residence money transfer,10000
02-01-2015,Food,4 eggs,28
02-01-2015,Food,tea,10
01-01-2015,Food,bendys chicken biryani,400
01-01-2015,Transportation,share jeep - Place T top to base,20
01-01-2015,Transportation,share jeep - Place T to brc,60
01-01-2015,Culture, monument,40
01-01-2015,Food,Temple Prasad,200
01-01-2015,Transportation,ropeway Place T to and fro,142
01-01-2015,Transportation,share jeep - Place T base to top,20
01-01-2015,Transportation,share auto - Place H to Place T base,20
01-01-2015,Transportation,bus - brc to Place H,30
01-01-2015,Food,tea,10
01-01-2015,Transportation,share auto - hospital to brc station,10
