,Date,Category,Description,Amount
0,20-09-2018,Transportation,2 Place 5 to Place 0,30.0
1,20-09-2018,Food,Idli medu Vada mix 2 plates,60.0
2,19-09-2018,Subscription,1 month subscription,199.0
3,17-09-2018,Subscription,Data booster pack,19.0
4,16-09-2018,Social Life,Ganesh idol,251.0
5,15-09-2018,Subscription,Permanent Residence - Tata Play recharge,200.0
6,14-09-2018,Transportation,Place 2 station to Permanent Residence,50.0
7,13-09-2018,Transportation,2 Place 0 to Place 3,40.0
8,13-09-2018,Other,HBR 2 Months subscription,83.0
9,13-09-2018,Food,1kg atta,46.0
10,12-09-2018,Subscription,Data booster pack,667.0
11,11-09-2018,Food,Home Food Delivery,650.0
12,11-09-2018,Food,Half lit  milk,36.0
13,10-09-2018,Food,Half lit  milk,36.0
14,08-09-2018,Family,,40.0
15,07-09-2018,Food,Half lit  milk,37.0
16,06-09-2018,Food,Amul butter,55.0
17,05-09-2018,Social Life,11 clothes ironing,77.0
18,05-09-2018,Food,Chinese Bhel,30.0
19,05-09-2018,Food,Shev Puri,40.0
20,05-09-2018,Food,2 kachori,24.0
21,05-09-2018,Food,Half lit  milk,36.0
22,05-09-2018,Food,Bread,18.0
23,03-09-2018,Family,,2000.0
24,31-08-2018,Family,,1000.0
25,31-08-2018,Social Life,farewell contribution,118.0
26,31-08-2018,Food,Domino's Pizza,510.85
27,31-08-2018,Food,Half lit  milk,36.0
28,30-08-2018,Food,Warna Srikhand pav kg,78.0
29,30-08-2018,Family,Supermart,343.0
30,29-08-2018,Food,Baking soda,27.0
31,29-08-2018,Food,chocobar,15.0
32,29-08-2018,Food,Half lit  milk,36.0
33,27-08-2018,Food,Dahi 2 packets,20.0
34,27-08-2018,Food,2 plates poha,60.0
35,27-08-2018,Food,Khari packet,45.0
36,27-08-2018,Food,Half lit  milk,36.0
37,25-08-2018,Social Life,13 clothes ironing,91.0
38,24-08-2018,Food,Home Food Delivery,1120.0
39,24-08-2018,Food,,20.0
40,24-08-2018,Food,Half lit  milk,36.0
41,24-08-2018,Social Life,Ganpati+ navratri vargani,1000.0
42,23-08-2018,Transportation,2 Place 2 to Place 3 : Sevagram express 3AC,1305.4
43,23-08-2018,Transportation,2 Place 3 to Place 2 : Amritsar express 3AC,1205.4
44,23-08-2018,Food,Catering Service,60.0
45,22-08-2018,Food,Half lit  milk,37.0
46,21-08-2018,Food,cutting chai,12.0
47,21-08-2018,Food,Half lit  milk,36.0
48,19-08-2018,Subscription,1 month subscription,199.0
49,17-08-2018,Food,Dahi 2 packets,20.0
50,17-08-2018,Food,Half lit  milk,36.0
51,16-08-2018,Subscription,Permanent Residence - Tata Play recharge,157.0
52,15-08-2018,Food,Warna Srikhand half kg,290.0
53,15-08-2018,Food,M D sure 4kg atta,216.0
54,14-08-2018,Family,,30.0
55,14-08-2018,Food,Dahi,32.0
56,14-08-2018,Family,Toothpaste Patanjali,160.0
57,14-08-2018,Social Life,8 clothes ironing,56.0
58,14-08-2018,Food,Vanila family pack,115.0
59,13-08-2018,Family,5 litres can Distilled water,100.0
60,13-08-2018,Family,Brass Puja plate and diva,220.0
61,13-08-2018,Food,Half kg Lahsoon,45.0
62,13-08-2018,Family,Supermart,594.0
63,13-08-2018,Food,Vanila cup,10.0
64,13-08-2018,Food,chocobar,20.0
65,11-08-2018,Food,8 kachori,96.0
66,10-08-2018,Family,,35.0
67,06-08-2018,Health,hair cut,100.0
68,05-08-2018,Family,,100.0
69,05-08-2018,Food,cutting chai,10.0
70,05-08-2018,Health,eyewear Glasses payment remaining,4300.0
71,05-08-2018,Social Life,For Family,3410.0
72,05-08-2018,Transportation,Place 0 to Place 4 return,20.0
73,05-08-2018,Transportation,Current Residence to Place 0,15.0
74,05-08-2018,Family,Bows,398.0
75,03-08-2018,Family,,2000.0
76,02-08-2018,Family,Supermart,18.0
77,02-08-2018,Food,M D sure 4kg atta,216.0
78,02-08-2018,Health,eyewear Glasses advance,1000.0
79,01-08-2018,Family,,40.0
80,31-07-2018,Social Life,13 clothes ironing,91.0
81,31-07-2018,Money transfer,,30000.0
82,31-07-2018,Family,July salary,2000.0
83,31-07-2018,Food,10 melody,10.0
84,30-07-2018,Health,Glucose D(50) + flora bc (40)+cyra 20(10),100.0
85,30-07-2018,Health,,132.0
86,30-07-2018,Food,Catering Service,212.0
87,30-07-2018,Food,1 plates poha,25.0
88,29-07-2018,Food,Paneer pizza,260.0
89,29-07-2018,Transportation,Decathlon Place A to Place A station,50.0
90,29-07-2018,Transportation,Current Residence to Place 0,15.0
91,29-07-2018,Transportation,2 Place 0 to Place A returns,40.0
92,29-07-2018,Food,Medu vada 3 plate,105.0
93,28-07-2018,Family,,200.0
94,28-07-2018,Social Life,2 INOX ,481.36
95,28-07-2018,Food,,195.0
96,28-07-2018,Family,Supermart,3750.0
97,27-07-2018,Other,Demat account charges,826.0
98,26-07-2018,Food,Toast packet,40.0
99,23-07-2018,Subscription,Current Residence - Tata Play recharge,154.0
100,23-07-2018,Food,4 plates poha,100.0
101,21-07-2018,Family,Supermart,368.0
102,21-07-2018,Food,Khajur pav kg,30.0
103,21-07-2018,Food,2 Bhajipav + 2 vadapav,60.0
104,21-07-2018,Food,Toast packet,45.0
105,20-07-2018,Food,chocobar,20.0
106,20-07-2018,Food,potato 1kg,25.0
107,20-07-2018,Food,onion 1 kg,25.0
108,20-07-2018,Transportation,Ola cab - eye institute to Current Residence CHS,155.0
109,20-07-2018,Health,Cataract Medicine,87.0
110,20-07-2018,Health,Cataract Medicine,1048.0
111,19-07-2018,Food,Dahi 4 packets,40.0
112,18-07-2018,Food,M D sure 4kg atta,216.0
113,16-07-2018,Social Life,12 clothes ironing,84.0
114,16-07-2018,Family,Sony WI-C100 earphones wireless,1190.0
115,16-07-2018,Food,7 kachori,84.0
116,15-07-2018,Food,,30.0
117,15-07-2018,Food,,500.0
118,15-07-2018,Food,4 kachori,48.0
119,14-07-2018,Other,CA  - income tax filing,2000.0
120,13-07-2018,Transportation,Ola cab - eye institute to Current Residence CHS,188.0
121,13-07-2018,Health,Cataract Medicine,1358.0
122,12-07-2018,Food,6 eggs,35.0
123,11-07-2018,Food,2 bread packets,57.0
124,09-07-2018,Transportation,3.4 Lit Petrol,360.0
125,09-07-2018,Food,Toast packet,20.0
126,09-07-2018,Food,Shev bhaji sev pav kg,60.0
127,08-07-2018,Transportation,Ola cab - eye institute to Current Residence CHS,185.0
128,08-07-2018,Food,3 cutting chai,30.0
129,08-07-2018,Health,eye drop,153.0
130,08-07-2018,Health,Hospital consultation,500.0
131,08-07-2018,Transportation,Ola cab - Current Residence CHS to eye institute,130.0
132,08-07-2018,Transportation,To and Fro Cab Fare Contribution,675.0
133,07-07-2018,Transportation,Place 4 to Place 0,10.0
134,07-07-2018,Food,At restaurant,2.0
135,07-07-2018,Subscription,,196.0
136,06-07-2018,Food,At restaurant,760.0
137,06-07-2018,Transportation,Park Inn Goa,100.0
138,05-07-2018,Transportation,Terminal 1 to Terminal 2,83.0
139,05-07-2018,Food,cutting chai,7.0
140,05-07-2018,Transportation,Current Residence to Place 0,15.0
141,05-07-2018,Transportation,Place 0 to Place P,20.0
142,04-07-2018,Health,Doctor Fees,100.0
143,04-07-2018,Health,Shaving,50.0
144,04-07-2018,Family,,350.0
145,04-07-2018,Health,2 Thyroid (1000) + cholesterol (220) + uric acid (220),1440.0
146,03-07-2018,Family,,500.0
147,03-07-2018,Food,Half lit  milk,36.0
148,03-07-2018,Subscription,Current Residence - Tata Play recharge,154.0
149,02-07-2018,Family,Supermart,1595.0
150,02-07-2018,Transportation,Place 1 bridge to Current Residence 2 seats,50.0
151,02-07-2018,Transportation,2 Place 6 Stand to MS,20.0
152,02-07-2018,Family,Face towels + shampoo,626.0
153,02-07-2018,Transportation,2 Place 1 to  mall,26.0
154,02-07-2018,Transportation,Current Residence to Place 1 bus stop highway,40.0
155,01-07-2018,Social Life,2 PVR ,461.0
156,01-07-2018,Transportation,2 Place 2 to Place 1 - Shree Sharma Travels,1890.0
157,01-07-2018,Food,Vadapav,15.0
158,01-07-2018,Social Life,undergarments pair of Jockey,430.0
159,01-07-2018,Social Life,clothes ironing,98.0
160,01-07-2018,Food,milk 1lit ,72.0
161,01-07-2018,Money transfer,,10000.0
162,30-06-2018,Family,Aqugurad PRV,1200.0
163,29-06-2018,Family,Tulsi plant+ pot,70.0
164,29-06-2018,Family,Math tap repair,50.0
165,29-06-2018,Family,3 bulbs 3 pencil cells,270.0
166,28-06-2018,Food,Home Food Delivery,455.0
167,28-06-2018,Food,Bhaji + vadapav + kachori+ tea,70.0
168,28-06-2018,Transportation,Vadala road to Nehru Planetarium,228.0
169,28-06-2018,Social Life,Mast & Harbour Slides,64.82
170,27-06-2018,Tourism,Planetarium,308.85
171,27-06-2018,Food,2 cups,14.0
172,27-06-2018,Family,Mobile cover real mi note pro,100.0
173,27-06-2018,Other,Shopping at Alfa,4720.0
174,27-06-2018,Family,Mouse pad,100.0
175,27-06-2018,Social Life,Purse,450.0
176,27-06-2018,Social Life,Rainy season chappal,550.0
177,27-06-2018,Transportation,Place P station to Alfa market,25.0
178,27-06-2018,Transportation,2 Place 0 to Place P return,80.0
179,27-06-2018,Transportation,2 Current Residence to Place 0,30.0
180,26-06-2018,Transportation,2 Place 0 to Current Residence,30.0
181,26-06-2018,Family,Supermart,1990.0
182,26-06-2018,Family,Aqugurad water purifier,13050.0
183,26-06-2018,Family,Umbrella handle repair,70.0
184,26-06-2018,Transportation,Place 0 to Place 4 return,20.0
185,26-06-2018,Food,2 cutting chai,20.0
186,26-06-2018,Food,Bhaji + vadapav,30.0
187,25-06-2018,Food,Home Food Delivery,320.0
188,25-06-2018,Family,Smart point,2074.0
189,24-06-2018,Transportation,2 Place 0 to Current Residence,40.0
190,24-06-2018,Food,Bread,18.0
191,24-06-2018,Food,milk 1lit ,72.0
192,24-06-2018,Health,Suppliemnts,211.75
193,24-06-2018,Transportation,2 Place 5 to Place 0,30.0
194,24-06-2018,Subscription,Permanent Residence - Tata Play recharge,157.0
195,24-06-2018,Food,2 Vadapav 2 samosa pav,60.0
196,23-06-2018,Subscription,Annual recharge,2545.0
197,23-06-2018,Transportation,,30.0
198,22-06-2018,Subscription,Data booster pack,181.0
199,19-06-2018,Family,,2000.0
200,19-06-2018,Subscription,Data booster pack,25.0
201,18-06-2018,Subscription,Data booster pack,15.0
202,15-06-2018,Subscription,Data booster pack,15.0
203,15-06-2018,Transportation,2CC Place 2 to DDR Spl Train,1213.6
204,11-06-2018,Food,12 eggs,84.0
205,11-06-2018,Education,Marathon,1407.0
206,10-06-2018,Family,Sofa covers,3000.0
207,09-06-2018,Subscription,Data booster pack,667.0
208,28-05-2018,Subscription,Data booster pack,25.0
209,28-05-2018,Health,hair cut,100.0
210,27-05-2018,Family,Soap + dahya pav kg,75.0
211,26-05-2018,Transportation,Permanent Residence to Motor Driving school,50.0
212,24-05-2018,Subscription,Data booster pack,667.0
213,23-05-2018,Subscription,Permanent Residence - Tata Play recharge,166.0
214,22-05-2018,Health,2 All out refill,154.0
215,21-05-2018,Family,,140.0
216,20-05-2018,Family,"Soap, shampoo, razor",122.0
217,19-05-2018,Family,flour mill,25.0
218,19-05-2018,Subscription,Data booster pack,15.0
219,18-05-2018,Subscription,Data booster pack,301.0
220,15-05-2018,Food,Cookies & cream family pack,135.0
221,15-05-2018,Transportation,within city,30.0
222,15-05-2018,Family,LG Washing Machine,21500.0
223,15-05-2018,Transportation,Permanent Residence to GH road,50.0
224,14-05-2018,Subscription,Data booster pack,301.0
225,14-05-2018,Other,Digilock room charges,40.0
226,14-05-2018,Transportation,Place 2 station to Permanent Residence,50.0
227,14-05-2018,Food,Potato chips,15.0
228,14-05-2018,Food,2 dozens mango + 1kg litchi,1250.0
229,14-05-2018,Transportation,2 Place 0 to Place 3,40.0
230,14-05-2018,Transportation,2 Current Residence to Place 0,40.0
231,13-05-2018,Social Life,clothes ironing,77.0
232,13-05-2018,Education,Gel pen Refills,12.0
233,12-05-2018,Food,Domino's Pizza,437.0
234,12-05-2018,Food,Catering Service,70.0
235,12-05-2018,Food,4 kachori,48.0
236,12-05-2018,Food,milk 1lit ,72.0
237,11-05-2018,Food,1 packet,20.0
238,10-05-2018,Food,2 Faluda,80.0
239,09-05-2018,Subscription,Mata + TOI + ET,12.0
240,09-05-2018,Food,Toast packet,45.0
241,09-05-2018,Food,Half lit  milk,36.0
242,09-05-2018,Subscription,,199.0
243,08-05-2018,Food,Kaju katli half kg,500.0
244,08-05-2018,Food,milk 1lit ,72.0
245,08-05-2018,Health,Shaving,50.0
246,07-05-2018,Family,Handwash container2 + window cleaner,1086.0
247,07-05-2018,Transportation,Mall parking,20.0
248,07-05-2018,Subscription,,515.0
249,07-05-2018,Food,Home Food Delivery,430.0
250,07-05-2018,Food,milk 1lit ,72.0
251,05-05-2018,Family,,600.0
252,04-05-2018,Family,Supermart,37.0
253,04-05-2018,Food,milk 1lit ,72.0
254,03-05-2018,Food,Bhaji + vadapav,40.0
255,02-05-2018,Food,Mango 1.5 kg,280.0
256,01-05-2018,Food,milk 1lit ,72.0
257,01-05-2018,Health,ITone eye drops,43.0
258,01-05-2018,Health,Refresh Tears Drop,122.0
259,01-05-2018,Family,,260.0
260,01-05-2018,Money transfer,,10000.0
261,30-04-2018,Food,6 kachori,72.0
262,30-04-2018,Family,Supermart,165.0
263,30-04-2018,Subscription,Current Residence - Tata Play recharge,176.0
264,30-04-2018,Food,Toast packet,45.0
265,30-04-2018,Food,milk 1lit ,72.0
266,30-04-2018,Social Life,To Family,500.0
267,29-04-2018,Food,2 sugarcane juice,40.0
268,28-04-2018,Food,Home Food Delivery,413.0
269,28-04-2018,Family,,500.0
270,27-04-2018,Family,Supermart,295.0
271,26-04-2018,Food,Noodles packet,30.0
272,26-04-2018,Food,milk 1lit ,72.0
273,26-04-2018,Family,,1000.0
274,25-04-2018,Food,Catering Service,70.0
275,24-04-2018,Subscription,Permanent Residence - Tata Play recharge,157.0
276,23-04-2018,Family,Idli pith 1kg,38.0
277,23-04-2018,Family,,500.0
278,22-04-2018,Food,,10.0
279,22-04-2018,Family,Supermart,190.0
280,22-04-2018,Food,milk 1lit ,72.0
281,21-04-2018,Food,Naturals,160.0
282,21-04-2018,Food,Dahi 2 packets,20.0
283,20-04-2018,Food,Sugaran Kitchen,70.0
284,19-04-2018,Family,flour mill,14.0
285,19-04-2018,Food,6 eggs,36.0
286,19-04-2018,Food,milk 1lit ,72.0
287,17-04-2018,Food,milk 1lit ,72.0
288,16-04-2018,Education,3 Pens,21.0
289,16-04-2018,Social Life,clothes ironing,63.0
290,16-04-2018,Family,Cockroach injection,270.0
291,16-04-2018,Family,Supermart,265.0
292,16-04-2018,Family,Smart point,450.0
293,15-04-2018,Food,pav Bhaji,70.0
294,15-04-2018,Food,2 cutting chai,20.0
295,15-04-2018,Family,"Vessels for sugar, coffee and tea",799.0
296,15-04-2018,Family,Body mist,525.0
297,15-04-2018,Transportation,Station Parking,10.0
298,15-04-2018,Transportation,Place 0 to Place 4 return,20.0
299,15-04-2018,Food,Catering Service,70.0
300,14-04-2018,Family,Supermart,107.0
301,14-04-2018,Food,Pizza base packet 2,40.0
302,14-04-2018,Food,Khari packet,45.0
303,14-04-2018,Food,milk 1lit ,72.0
304,13-04-2018,Health,Family Thyroid Test + CBC,700.0
305,12-04-2018,Subscription,,199.0
306,12-04-2018,Family,,112.0
307,12-04-2018,Food,Pattice,20.0
308,12-04-2018,Food,Catering Service,130.0
309,10-04-2018,Food,Bread,18.0
310,10-04-2018,Food,Catering Service,70.0
311,10-04-2018,Social Life,farewell contribution,250.0
312,09-04-2018,Food,Ginger,10.0
313,09-04-2018,Food,milk 1lit ,72.0
314,07-04-2018,Family,Supermart,1857.0
315,07-04-2018,Family,Pav kg chana dal,24.0
316,07-04-2018,Food,Half lit  milk,36.0
317,06-04-2018,Money transfer,,24500.0
318,05-04-2018,Family,Idli pith 1kg,38.0
319,05-04-2018,Food,6 eggs,36.0
320,05-04-2018,Food,milk 1lit ,72.0
321,05-04-2018,Food,Catering Service,130.0
322,02-04-2018,Transportation,Mall parking,20.0
323,02-04-2018,Family,Window cleaner,149.0
324,02-04-2018,Food,Pav kg Lahsoon,24.0
325,02-04-2018,Food,Dahi 2 packets,20.0
326,02-04-2018,Food,onion 2 kg,36.0
327,02-04-2018,Family,,2000.0
328,01-04-2018,Other,ATM charge,5.9
329,01-04-2018,Other,ATM charge,24.78
330,01-04-2018,Food,milk 1lit ,72.0
331,01-04-2018,Money transfer,,10005.9
332,31-03-2018,Food,2 chocobar,45.0
333,31-03-2018,Food,Home Food Delivery,244.0
334,31-03-2018,Food,Domino's Pizza,419.0
335,31-03-2018,Transportation,Station Parking,10.0
336,31-03-2018,Transportation,Place 0 to Sion returns,30.0
337,30-03-2018,Food,1 Panipuri,25.0
338,30-03-2018,Food,Ginger + green chilli,20.0
339,30-03-2018,Food,milk 1lit ,72.0
340,29-03-2018,Food,At restaurant,1234.0
341,27-03-2018,Food,Bread,35.0
342,26-03-2018,Food,milk 1lit ,72.0
343,26-03-2018,Subscription,Permanent Residence - Tata Play recharge,157.0
344,25-03-2018,Transportation,Station Parking,10.0
345,25-03-2018,Food,Popcorn family pack,25.0
346,25-03-2018,Food,2 tea,20.0
347,25-03-2018,Food,2 Frankie,160.0
348,25-03-2018,Food,French crossiant,80.0
349,25-03-2018,Food,IKEA tea 3,240.0
350,23-03-2018,Social Life,Finding next Job,100.0
351,22-03-2018,Food,1 kg Bajari,7.0
352,22-03-2018,Food,Half kg tomato,15.0
353,22-03-2018,Family,Supermart,153.0
354,22-03-2018,Food,Pickle,150.0
355,22-03-2018,Food,Potato chips,150.0
356,22-03-2018,Food,1 packet,20.0
357,22-03-2018,Food,milk 1lit ,72.0
358,21-03-2018,Food,2 kachori,24.0
359,21-03-2018,Family,Idli pith 1kg,38.0
360,21-03-2018,Family,,50.0
361,20-03-2018,Food,2 Fried rice,246.0
362,20-03-2018,Other,,17.0
363,20-03-2018,Food,Chicken lollypop 8 pcs,215.75
364,20-03-2018,Food,Bread,18.0
365,20-03-2018,Food,6 eggs,36.0
366,20-03-2018,Food,Half lit  milk,36.0
367,18-03-2018,Transportation,Station Parking,10.0
368,18-03-2018,Food,Dabeli,15.0
369,18-03-2018,Family,Trouser,799.0
370,18-03-2018,Family,Belt + bow,498.0
371,18-03-2018,Food,Papad packet,50.0
372,18-03-2018,Food,1 Panipuri,30.0
373,18-03-2018,Food,cutting chai,10.0
374,18-03-2018,Transportation,Place 0 to Place 4 return,20.0
375,17-03-2018,Food,Catering Service,30.0
376,17-03-2018,Food,Half lit  milk,37.0
377,15-03-2018,Food,Catering Service,60.0
378,15-03-2018,Food,Half lit  milk,36.0
379,14-03-2018,Family,Mayonnaise + cheese cubes,140.0
380,14-03-2018,Food,onion 2 kg,40.0
381,14-03-2018,Food,Domino's Pizza,578.0
382,13-03-2018,Family,,480.0
383,13-03-2018,Food,Half lit  milk,36.0
384,12-03-2018,Transportation,2 Place 3 to Place 2 : Sevagram express 3AC,1293.0
385,10-03-2018,Family,Mosquito Racket,300.0
386,10-03-2018,Health,All out refill,77.0
387,10-03-2018,Food,1 lit ,72.0
388,10-03-2018,Food,Half lit  milk,36.0
389,08-03-2018,Social Life,clothes ironing,91.0
390,08-03-2018,Food,Flatbread 12 pcs,40.0
391,08-03-2018,Subscription,,540.0
392,08-03-2018,Food,6 eggs,36.0
393,08-03-2018,Food,Half lit  milk,36.0
394,07-03-2018,Social Life,Holi Tip to cleaner,20.0
395,07-03-2018,Food,2 Vadapav,30.0
396,06-03-2018,Health,Thyroid Tablets,172.0
397,06-03-2018,Health,5 Meftal spas,22.0
398,06-03-2018,Education,Xerox,4.0
399,06-03-2018,Food,Half lit  milk,36.0
400,06-03-2018,Education,Aadhar PUC card delivery,50.0
401,06-03-2018,Family,,50.0
402,05-03-2018,Food,chocobar,20.0
403,05-03-2018,Food,M D sure 3kg atta,162.0
404,05-03-2018,Family,Supermart,1357.0
405,05-03-2018,Family,Smart point,972.0
406,05-03-2018,Other,blanket sewing,10.0
407,04-03-2018,Family,,450.0
408,04-03-2018,Food,Catering Service,130.0
409,03-03-2018,Food,Half lit  milk,36.0
410,02-03-2018,Food,chocobar,15.0
411,01-03-2018,Food,Domino's Pizza,189.0
412,01-03-2018,Food,6 eggs,36.0
413,01-03-2018,Money transfer,,10000.0
414,28-02-2018,Food,Khari packet,45.0
415,28-02-2018,Food,Half lit Varna milk,36.0
416,28-02-2018,Food,onion 1 kg,30.0
417,28-02-2018,Food,potato 1kg,18.0
418,27-02-2018,Family,Idli pith 1kg,38.0
419,27-02-2018,Food,5 chapati,30.0
420,26-02-2018,Food,1 lit ,73.0
421,26-02-2018,Family,Mirror repair,140.0
422,26-02-2018,Transportation,First servicing,443.0
423,26-02-2018,Food,chaas,17.0
424,24-02-2018,Food,Flatbread 12 pcs,40.0
425,23-02-2018,Health,Refresh Tears Drop,128.0
426,23-02-2018,Food,1 packet,20.0
427,23-02-2018,Food,1 lit ,72.0
428,22-02-2018,Subscription,Permanent Residence - Tata Play recharge,157.0
429,22-02-2018,Food,Limca,20.0
430,22-02-2018,Food,onion 1 kg,20.0
431,22-02-2018,Food,Catering Service,192.0
432,20-02-2018,Family,Kitchen fan + installation+ repair,2600.0
433,19-02-2018,Health,hair cut+shaving,170.0
434,19-02-2018,Food,1 lit ,72.0
435,19-02-2018,Food,2 kachori,24.0
436,17-02-2018,Food,BBQ,1783.0
437,17-02-2018,Family,,3598.0
438,17-02-2018,Transportation,Mall parking,20.0
439,17-02-2018,Food,5 chapati,30.0
440,16-02-2018,Food,banana chips,45.0
441,16-02-2018,Food,Khari packet,45.0
442,16-02-2018,Food,1 lit ,72.0
443,15-02-2018,Food,chocobar,35.0
444,15-02-2018,Food,Half kg tomato + methi 1 judi,30.0
445,15-02-2018,Family,Supermart,117.0
446,14-02-2018,Food,1 chicken shawarma,60.0
447,13-02-2018,Food,potato 1kg,25.0
448,13-02-2018,Food,Bread,35.0
449,13-02-2018,Food,Amul cheese,72.0
450,13-02-2018,Food,1 lit ,72.0
451,12-02-2018,Food,6 eggs,36.0
452,12-02-2018,Food,3 packets,30.0
453,12-02-2018,Food,M D sure 3kg atta,162.0
454,11-02-2018,Transportation,2 Place 0 to Current Residence,30.0
455,11-02-2018,Food,pav Bhaji,235.0
456,11-02-2018,Food,Vadapav,15.0
457,11-02-2018,Transportation,Place 0 to Place 3 returns,40.0
458,11-02-2018,Transportation,Current Residence to Place 0,15.0
459,10-02-2018,Food,1 lit ,69.0
460,09-02-2018,Social Life,clothes ironing,98.0
461,08-02-2018,Food,Shev Puri,35.0
462,08-02-2018,Food,onion 1 kg,25.0
463,08-02-2018,Food,1 lit ,69.0
464,06-02-2018,Social Life,2 PVR Place 6,312.0
465,05-02-2018,Family,,500.0
466,05-02-2018,Food,Raw chicken half kg,220.0
467,05-02-2018,Food,Khari packet,45.0
468,05-02-2018,Food,1 packet,69.0
469,04-02-2018,Food,Domino's Pizza,452.0
470,04-02-2018,Food,Catering Service,50.0
471,04-02-2018,Food,Half lit  milk,35.0
472,03-02-2018,Food,chocobar,10.0
473,03-02-2018,Transportation,Place 2 to Place 1 - Shree Sharma Travels,945.0
474,02-02-2018,Food,Catering Service,82.0
475,02-02-2018,Family,,170.0
476,01-02-2018,Food,8 bananas,30.0
477,01-02-2018,Food,Half kg tomato,15.0
478,01-02-2018,Family,,2000.0
479,01-02-2018,Money transfer,,10000.0
480,31-01-2018,Food,At restaurant,320.0
481,31-01-2018,Transportation,Parking sticker,50.0
482,31-01-2018,Food,1 lit ,69.0
483,30-01-2018,Family,Matchbox packet 10pcs,10.0
484,30-01-2018,Food,Dahi 2 packets,20.0
485,30-01-2018,Family,,100.0
486,29-01-2018,Food,Khari packet,45.0
487,29-01-2018,Food,6 eggs,42.0
488,29-01-2018,Food,1 lit ,69.0
489,28-01-2018,Food,2 kachori,24.0
490,28-01-2018,Family,Smart point,976.9
491,28-01-2018,Family,Supermart,764.0
492,27-01-2018,Transportation,Two Wheeler Bikedelux third installment,43000.0
493,26-01-2018,Transportation,Place 0 to Current Residence,15.0
494,26-01-2018,Transportation,Place 0 to Place 4 return,20.0
495,26-01-2018,Social Life,Pyjama (999)+ carry bag (10),1009.0
496,26-01-2018,Food,1 packet,20.0
497,26-01-2018,Food,1 lit ,69.0
498,26-01-2018,Food,potato 1kg,25.0
499,26-01-2018,Family,Idli pith 1kg,38.0
500,25-01-2018,Food,Catering Service,70.0
501,24-01-2018,Food,Half lit  milk,35.0
502,23-01-2018,Family,Smart point,273.0
503,22-01-2018,Food,2 kg Bajari,14.0
504,22-01-2018,Food,M D sure 3kg atta,162.0
505,22-01-2018,Health,Cough-sills 4 pcs + sinarest 3 pcs,30.0
506,22-01-2018,Food,1 lit ,69.0
507,21-01-2018,Food,Home Food Delivery,384.0
508,20-01-2018,Food,crack-jack 1 packi,10.0
509,20-01-2018,Food,,45.0
510,20-01-2018,Subscription,Permanent Residence - Tata Play recharge,179.0
511,19-01-2018,Food,Flatbread 6 pcs,17.0
512,19-01-2018,Family,Amul butter,53.0
513,19-01-2018,Food,Flatbread 6 pcs,20.0
514,19-01-2018,Family,Cakes,46.0
515,18-01-2018,Transportation,Two Wheeler Bikedelux second installment,50000.0
516,18-01-2018,Food,Fresh veggie pizza,219.0
517,18-01-2018,Food,6 eggs,42.0
518,18-01-2018,Food,1 lit ,69.0
519,16-01-2018,Family,Bhagar 1kg 130 + idli pith 1kg 35,165.0
520,16-01-2018,Food,1 lit ,69.0
521,16-01-2018,Social Life,Marathon,298.0
522,15-01-2018,Food,Chitale Srikhand,284.0
523,15-01-2018,Food,onion 1 kg + half kg potato,38.0
524,15-01-2018,Transportation,Place 0 to Place 3 returns,40.0
525,15-01-2018,Transportation,Uber auto: Place 4 Station to Current Residence society,266.0
526,14-01-2018,Transportation,Place 0 to Santacruz return,40.0
527,14-01-2018,Family,Vibrating electronic message tool,798.0
528,14-01-2018,Transportation,station to Decathlon,20.0
529,14-01-2018,Transportation,Decathlon to station,25.0
530,14-01-2018,Social Life,Head band,199.0
531,14-01-2018,Transportation,Pali hill to Bandra station,23.0
532,14-01-2018,Transportation,mumbai University Kalina to Santacruz station,40.0
533,14-01-2018,Transportation,Current Residence to Place 0,15.0
534,13-01-2018,Health,Thyroid Tablets,740.0
535,13-01-2018,Social Life,clothes ironing,80.0
536,12-01-2018,Family,Smart point,226.0
537,12-01-2018,Health,Family Thyroid Test,500.0
538,11-01-2018,Food,6 eggs,42.0
539,11-01-2018,Food,1 lit ,69.0
540,10-01-2018,Food,2 packets,40.0
541,09-01-2018,Food,Flatbread 12 pcs,34.0
542,09-01-2018,Food,1 lit ,69.0
543,08-01-2018,Food,Vadapav,20.0
544,08-01-2018,Family,Sony WI-C100 earphones wireless,1399.0
545,08-01-2018,Food,M D sure 2kg atta,104.0
546,08-01-2018,Family,Harpik 1L,165.0
547,07-01-2018,Food,2 cutting chai,20.0
548,07-01-2018,Transportation,Place 0 to Place 4 return,20.0
549,06-01-2018,Subscription,,810.0
550,06-01-2018,Family,Idli pith 1kg,38.0
551,06-01-2018,Family,5 litres can Distilled water,100.0
552,06-01-2018,Food,2 cups,20.0
553,06-01-2018,Food,1 lit ,69.0
554,04-01-2018,Family,Cockroach injection,270.0
555,04-01-2018,Family,Nandadip oil bottle,130.0
556,04-01-2018,Food,Catering Service,70.0
557,04-01-2018,Education,Aadhar Address Change,50.0
558,03-01-2018,Food,Wok express + Domino's,681.0
559,03-01-2018,Transportation,Two Wheeler Bikedelux booking amount,1000.0
560,03-01-2018,Food,6 eggs,40.0
561,03-01-2018,Food,1 lit ,69.0
562,02-01-2018,Family,Supermart,1140.0
563,02-01-2018,Health,Refresh Tears Drop,158.0
564,01-01-2018,Subscription,Amazon pay cashback 1017 + Rs.482,482.0
565,01-01-2018,Food,Raspberry dolly,15.0
566,01-01-2018,Family,Logitech mouse,599.0
567,01-01-2018,Food,1 lit ,69.0
568,01-01-2018,Money transfer,,30000.0
569,01-01-2018,Family,,2000.0
570,31-12-2017,Food,Flatbread 24 pcs,30.0
571,30-12-2017,Food,Dudhi 20 + mirchi 5,25.0
572,29-12-2017,Family,For utensils,450.0
573,29-12-2017,Food,3 pavwada,30.0
574,29-12-2017,Family,,182.0
575,29-12-2017,Food,,5.0
576,29-12-2017,Subscription,Data booster pack,181.0
577,28-12-2017,Food,Ginger,10.0
578,27-12-2017,Food,Tata salt 28+ 6 eggs 42,70.0
579,26-12-2017,Subscription,"ET Prime (1+1) till 24 Dec,2024",1749.0
580,25-12-2017,Subscription,Permanent Residence - Tata Play recharge,156.0
581,25-12-2017,Subscription,Data booster pack,181.0
582,25-12-2017,Transportation,Place 2 station to Permanent Residence,80.0
583,24-12-2017,Transportation,2 Current Residence to Place 0,30.0
584,24-12-2017,Social Life,Birthday gift,1364.0
585,24-12-2017,Food,Gupta bhel,25.0
586,24-12-2017,Family,Toothbrush (buy 2 get 1),100.0
587,24-12-2017,Food,Half lit  milk,35.0
588,23-12-2017,Social Life,Birthday gift,798.0
589,22-12-2017,Food,Home Food Delivery,380.0
590,21-12-2017,Food,Vadapav,15.0
591,21-12-2017,Family,Surti kolam 2kg (54rsx2)+Monaco biscuits,118.0
592,21-12-2017,Food,Catering Service,65.0
593,21-12-2017,Food,milk 1lit ,70.0
594,20-12-2017,Food,Catering Service,95.0
595,20-12-2017,Subscription,Renewal,28400.0
596,19-12-2017,Family,,500.0
597,19-12-2017,Food,Chicken Frankie,45.0
598,19-12-2017,Transportation,Place 0 to WS return,10.0
599,19-12-2017,Food,milk 1lit ,69.0
600,18-12-2017,Social Life,undergarment single,312.0
601,17-12-2017,Food,At restaurant,505.0
602,17-12-2017,Transportation,within city,30.0
603,17-12-2017,Family,Dmart,878.0
604,17-12-2017,Food,2 cutting chai,20.0
605,17-12-2017,Transportation,college to inorbit,25.0
606,17-12-2017,Transportation,Place 0 to Place 4 return,20.0
607,17-12-2017,Transportation,Current Residence to Place 0,15.0
608,16-12-2017,Food,milk 1lit ,69.0
609,15-12-2017,Other,Nosebud,10.0
610,15-12-2017,Food,chocobar,15.0
611,14-12-2017,Food,Paneer + 1 kg onion,145.0
612,13-12-2017,Social Life,clothes ironing,98.0
613,13-12-2017,Family,,20.0
614,13-12-2017,Food,milk 1lit ,69.0
615,12-12-2017,Food,6 eggs,40.0
616,12-12-2017,Food,Double chicken shwarma,100.0
617,12-12-2017,Food,Catering Service,80.0
618,10-12-2017,Food,,90.0
619,10-12-2017,Food,,310.0
620,10-12-2017,Food,Gupta bhel,25.0
621,10-12-2017,Food,Catering Service,65.0
622,09-12-2017,Food,Catering Service,85.0
623,08-12-2017,Food,Home Food Delivery - roti 17*4+ paneer chatpata 190+ veg crispy 150,408.0
624,07-12-2017,Food,milk 1lit ,69.0
625,06-12-2017,Food,Catering Service,125.0
626,05-12-2017,Subscription,Current Residence - Tata Play recharge,100.0
627,05-12-2017,Subscription,,2700.0
628,04-12-2017,Family,Smart point,937.0
629,04-12-2017,Family,Supermart,990.0
630,04-12-2017,Food,,120.0
631,04-12-2017,Food,,35.0
632,04-12-2017,Food,Amul butter,50.0
633,04-12-2017,Food,milk 1lit ,69.0
634,04-12-2017,Subscription,,110.0
635,03-12-2017,Food,Shev Puri,30.0
636,03-12-2017,Food,Home Food Delivery - Chicken lollypop 8 pcs 190 + chicken manchow soup 100,290.0
637,03-12-2017,Other,2 kg soil,20.0
638,03-12-2017,Health,hair cut+shaving,160.0
639,02-12-2017,Food,chocobar,35.0
640,02-12-2017,Food,milk 1lit ,69.0
641,01-12-2017,Food,Catering Service ( 5 methi paranthe),125.0
642,01-12-2017,Food,1 lit ,69.0
643,01-12-2017,Family,,2000.0
644,30-11-2017,Health,5 Meftal spas,22.0
645,30-11-2017,Health,Glasses remaining,800.0
646,30-11-2017,Health,Family's Glasses,22700.0
647,30-11-2017,Money transfer,,10000.0
648,30-11-2017,Family,Change,50.0
649,28-11-2017,Food,Sweet bread cake pav kg,90.0
650,28-11-2017,Food,6 eggs,42.0
651,28-11-2017,Food,,18.0
652,28-11-2017,Family,Toast+ biscuits,115.0
653,28-11-2017,Food,,140.0
654,28-11-2017,Food,1 lit ,69.0
655,27-11-2017,Health,Glasses advance,1000.0
656,27-11-2017,Transportation,2 Place 0 to Current Residence,30.0
657,27-11-2017,Transportation,Place 6 station to  mall,30.0
658,27-11-2017,Transportation,1 Place 0 to Place 6,5.0
659,27-11-2017,Social Life,Sandals Hush puppies,2699.0
660,26-11-2017,Transportation,eye institute to Place 6 station,40.0
661,26-11-2017,Health,eye drop,159.0
662,26-11-2017,Transportation,Place 6 station to eye institute,40.0
663,26-11-2017,Health,"Routine checkup - eye institute, Place 6",400.0
664,26-11-2017,Transportation,1 Place 0 to Place 6 return,10.0
665,25-11-2017,Subscription,Permanent Residence - Tata Play recharge,156.0
666,25-11-2017,Food,1 lit ,69.0
667,25-11-2017,Social Life,clothes ironing : Rs 6 per item,90.0
668,25-11-2017,Food,Half kg tomato,10.0
669,24-11-2017,Social Life,2 PVR Place 6,314.0
670,23-11-2017,Food,Flatbread 8 pcs,23.0
671,23-11-2017,Food,Dahi + remaining balance,17.0
672,23-11-2017,Food,3 kg Bajari,21.0
673,23-11-2017,Food,1 lit ,69.0
674,20-11-2017,Food,milk 1lit ,70.0
675,19-11-2017,Food,1 Panipuri,20.0
676,19-11-2017,Transportation,2 Place 0 to Current Residence,30.0
677,19-11-2017,Transportation,2 Place 0 to Place 6 return,20.0
678,19-11-2017,Transportation,2 Current Residence to Place 0,30.0
679,19-11-2017,Social Life,2 PVR Place 6,436.0
680,18-11-2017,Family,Khobra + shengdana+ vim bar,242.0
681,18-11-2017,Food,6 eggs,39.0
682,18-11-2017,Subscription,,147.0
683,18-11-2017,Education,Marathon,950.0
684,18-11-2017,Food,1.5 lit milk ,104.0
685,17-11-2017,Food,Vanila family pack,105.0
686,17-11-2017,Family,Agarbatti 55 + dahi 25,80.0
687,17-11-2017,Food,4 kg Gehu,28.0
688,16-11-2017,Food,1 lit ,70.0
689,15-11-2017,Food,Home Food Delivery,524.0
690,15-11-2017,Family,Toast 55 + Kisan Jam 85 + all out 75,209.0
691,15-11-2017,Education,Photo paper print,45.0
692,15-11-2017,Food,brown bread,25.0
693,15-11-2017,Family,Amul butter 52 + Good Day biscuits 43,95.0
694,14-11-2017,Food,,125.0
695,14-11-2017,Family,,770.0
696,14-11-2017,Food,vegetables,160.0
697,13-11-2017,Family,Pani Puri packet + Bundi + chivda,180.0
698,13-11-2017,Food,milk 1lit varna,70.0
699,13-11-2017,Food,onion 1 kg + half kg potato,50.0
700,13-11-2017,Family,Maggie + lizol,268.0
701,13-11-2017,Food,Shev bhaji sev pav kg,60.0
702,12-11-2017,Transportation,2 Place 0 to Current Residence,30.0
703,12-11-2017,Food,At restaurant,1525.0
704,12-11-2017,Food,,12.0
705,12-11-2017,Family,USB cord,130.0
706,12-11-2017,Family,Screwdriver 2,120.0
707,12-11-2017,Other,Shopping at Alfa,3690.0
708,12-11-2017,Transportation,Place P station to Alfa market,34.0
709,12-11-2017,Transportation,Place 4 station to Place P return,30.0
710,12-11-2017,Transportation,Place 0 to Place P return,40.0
711,11-11-2017,Food,6 eggs,39.0
712,11-11-2017,Food,Half lit  milk,26.0
713,09-11-2017,Social Life,clothes ironing : Rs 6 per item,72.0
714,09-11-2017,Family,Colgate max fresh small,20.0
715,09-11-2017,Family,,67.0
716,09-11-2017,Health,Acne Star cream,100.0
717,09-11-2017,Food,Bhendi bhaji,40.0
718,09-11-2017,Food,1 lit ,70.0
719,08-11-2017,Family,,539.0
720,08-11-2017,Food,1 kg apple,130.0
721,07-11-2017,Food,1 lit ,70.0
722,06-11-2017,Food,6 eggs,39.0
723,05-11-2017,Transportation,Place 0 to Current Residence,15.0
724,05-11-2017,Subscription,Current Residence - Tata Play recharge,200.0
725,03-11-2017,Subscription,,2700.0
726,02-11-2017,Food,2 pavwada,20.0
727,02-11-2017,Other,Dambar goli 2 packets ( Naphthalene balls),130.0
728,01-11-2017,Subscription,Mobile Service Provider freedom pack,296.0
729,01-11-2017,Money transfer,,10000.0
730,29-10-2017,Subscription,Mobile Service Provider freedom pack,296.0
731,29-10-2017,Subscription,Mobile Service Provider freedom pack,296.0
732,29-10-2017,Subscription,subscription 1yr,795.49
733,27-10-2017,Transportation,Permanent Residence to bus stand,40.0
734,26-10-2017,Transportation,within city,50.0
735,26-10-2017,Social Life,Offering,50.0
736,26-10-2017,Social Life,Offering,10.0
737,26-10-2017,Social Life,Offering,500.0
738,24-10-2017,Subscription,Mobile Service Provider freedom pack,296.0
739,24-10-2017,Food,Dahi,10.0
740,23-10-2017,Family,Shampoo sachets,9.0
741,23-10-2017,Social Life,Slippers,220.0
742,23-10-2017,Social Life,Aakash kandil,200.0
743,23-10-2017,Family,Dettol liquid handwash refill,99.0
744,23-10-2017,Family,flour mill,27.0
745,23-10-2017,Family,,50.0
746,23-10-2017,Subscription,Permanent Residence - Tata Play recharge,191.0
747,22-10-2017,Transportation,Current Residence to Place 1 bus stop highway,50.0
748,21-10-2017,Other,ipad cover + case,1888.0
749,21-10-2017,Food,Onion half kg 13 + milkybar 10 + Colgate maxfresh 10,33.0
750,21-10-2017,Family,,2000.0
751,20-10-2017,Social Life,farewell contribution,200.0
752,20-10-2017,Social Life,Rangoli + stamp,20.0
753,19-10-2017,Food,Gupta bhel,25.0
754,18-10-2017,Transportation,2 Place 2 to Place 3 : Sevagram express 3AC,1333.0
755,18-10-2017,Transportation,2 Place 3 to Place 2 : Amritsar express 3AC,1231.0
756,13-10-2017,Family,,70.0
757,11-10-2017,Transportation,Place 2 to Place 3 sevagram,658.6
758,10-10-2017,Family,flour mill,14.0
759,09-10-2017,Food,,230.0
760,09-10-2017,Food,vegetables,280.0
761,09-10-2017,Subscription,1 Year Plan (40mbps + UL+ 3 Months Free),5640.0
762,08-10-2017,Social Life,For Friend,6500.0
763,08-10-2017,Family,Fab India,3198.0
764,06-10-2017,Health,,468.0
765,05-10-2017,Other,account opening fee,200.0
766,04-10-2017,Subscription,,2700.0
767,04-10-2017,Health,Boroline + band aid,50.0
768,04-10-2017,Family,,400.0
769,02-10-2017,Family,Supermart,3055.0
770,02-10-2017,Family,,2000.0
771,01-10-2017,Subscription,3 months subscription Mobile,149.0
772,01-10-2017,Money transfer,,10000.0
773,30-09-2017,Health,Candid dusting powder,59.0
774,30-09-2017,Family,Supermart,155.0
775,30-09-2017,Food,vegetables,135.0
776,30-09-2017,Food,vegetables,30.0
777,30-09-2017,Family,Cooktop installation+ base,600.0
778,29-09-2017,Social Life,clothes ironing : Rs 6 per item,60.0
779,29-09-2017,Food,Gupta bhel,25.0
780,29-09-2017,Food,Vanila cup,10.0
781,29-09-2017,Health,3 tablet Nor tz,21.0
782,28-09-2017,Subscription,Current Residence - Tata Play recharge,215.0
783,28-09-2017,Transportation,2 Place 1 to Place 2 - Novelty tour and travels,2388.0
784,27-09-2017,Family,,312.0
785,27-09-2017,Social Life,farewell contribution,334.0
786,25-09-2017,Food,half kg chiku,30.0
787,25-09-2017,Food,Apple 2 kg (110) + Banana 1kg (80),300.0
788,24-09-2017,Transportation,2 Place 0 to Current Residence,30.0
789,24-09-2017,Transportation,Place 0 to WS return,10.0
790,24-09-2017,Social Life,2,560.0
791,24-09-2017,Food,Half kg pedhe,280.0
792,24-09-2017,Health,hair cut,100.0
793,23-09-2017,Food,Chicken masala gravy,100.0
794,21-09-2017,Other,Umbrella cover repair,10.0
795,21-09-2017,Transportation,Place 0 to Current Residence,15.0
796,21-09-2017,Food,Vadapav,15.0
797,21-09-2017,Food,,10.0
798,21-09-2017,Transportation,Place 0 to dadar return,30.0
799,21-09-2017,Family,,70.0
800,20-09-2017,Health,Surgical gloves pair,20.0
801,20-09-2017,Other,CSR,100.0
802,20-09-2017,Family,,20.0
803,18-09-2017,Health,,55.0
804,18-09-2017,Food,half kg chiku,60.0
805,18-09-2017,Food,Nariyal,55.0
806,17-09-2017,Family,,114.0
807,17-09-2017,Health,,151.0
808,17-09-2017,Family,Supermart,558.0
809,17-09-2017,Food,,35.0
810,17-09-2017,Food,1.5 lit milk ,99.0
811,15-09-2017,Food,Sugaran Kitchen,60.0
812,15-09-2017,Food,,130.0
813,15-09-2017,Food,Nariyal,55.0
814,15-09-2017,Health,,373.0
815,15-09-2017,Health,Doctor Fees,150.0
816,15-09-2017,Transportation,2 Place 2 to Place 1 - Novelty tour and travels,1400.0
817,15-09-2017,Food,2 tea parcel,24.0
818,15-09-2017,Food,2 plates poha,50.0
819,15-09-2017,Food,milk 1lit ,66.0
820,14-09-2017,Food,,282.0
821,14-09-2017,Subscription,Current Residence - Tata Play recharge,100.0
822,13-09-2017,Food,Sugaran Kitchen,110.0
823,12-09-2017,Food,milk 1lit ,66.0
824,11-09-2017,Transportation,Current Residence to Place 1 bus stop highway,60.0
825,11-09-2017,Transportation,2 Place 1 to Place 2 - Novelty tour and travels,2598.0
826,11-09-2017,Family,,2500.0
827,11-09-2017,Food,vegetables,285.0
828,11-09-2017,Transportation,Local pass to Family,100.0
829,11-09-2017,Transportation,2 Current Residence to Place 0,30.0
830,11-09-2017,Food,Idli 4 pcs + kachori 4 pcs,93.0
831,10-09-2017,Family,Supermart,514.0
832,09-09-2017,Health,V-wash,45.0
833,08-09-2017,Transportation,2 Place 1 to Place 2 - Novelty tour and travels,1440.0
834,08-09-2017,Food,M D sure 4kg atta,196.0
835,06-09-2017,Family,,500.0
836,06-09-2017,Other,Pant chain repair,20.0
837,06-09-2017,Food,Sweet bread cake 90 + veg puff 2,140.0
838,05-09-2017,Subscription,,2700.0
839,05-09-2017,Education,Print outs+ Xerox,50.0
840,04-09-2017,Food,4 cups (2 Vanilla 2 tutifruity),40.0
841,03-09-2017,Other,clock cell,15.0
842,03-09-2017,Subscription,,170.0
843,01-09-2017,Family,,820.0
844,01-09-2017,Food,milk 1lit ,66.0
845,01-09-2017,Money transfer,,10000.0
846,31-08-2017,Other,Sms charges + GST,17.7
847,31-08-2017,Family,Odonil,60.0
848,31-08-2017,Family,Honey small bottle,10.0
849,31-08-2017,Family,Janeyu,5.0
850,31-08-2017,Family,Nariyal,25.0
851,31-08-2017,Food,1.5 lit milk ,99.0
852,30-08-2017,Health,5 Meftal spas,22.0
853,29-08-2017,Transportation,Ola cab - Domestic airport T1 to Current Residence,640.0
854,28-08-2017,Tourism,Misc expense,200.0
855,28-08-2017,Food,2 chips packets,20.0
856,27-08-2017,Tourism,Misc expense,100.0
857,27-08-2017,Health,Vicks inhaler,59.0
858,27-08-2017,Transportation,market to resort,200.0
859,26-08-2017,Food,Parle G chota pack,5.0
860,25-08-2017,Health,strepsils 13 pills,39.0
861,24-08-2017,Transportation,Auto : Mahal to hotel,40.0
862,24-08-2017,Food,roof top lounge  (200 french fries + 100 masala tea)+15 GST + 10 Tip,325.0
863,24-08-2017,Family,2 Bedsheets (1500 each),3000.0
864,24-08-2017,Social Life,Jaipuri handprinted Maharani Saree (1850 Two pcs + 1500 1 pc),5200.0
865,23-08-2017,Food,180 Chicken Sandwich + 120 vada pav & Samosa,300.0
866,23-08-2017,Transportation,Ola cab - Current Residence to Domestic airport T1,850.0
867,22-08-2017,Family,,5000.0
868,22-08-2017,Family,Mahanagar Gas connection installation,300.0
869,21-08-2017,Family,Selfie stick Bluetooth tripod,280.0
870,21-08-2017,Health,Shaving,50.0
871,21-08-2017,Food,1.5 kg onions,33.0
872,21-08-2017,Health,Lens cleaner,80.0
873,21-08-2017,Education,15 fevistick + 12 xerox2 & print2,27.0
874,20-08-2017,Food,Baskin Robbins,166.0
875,20-08-2017,Food,280 chicken dum biryani+ 200 paneer tikka laziz + GST,504.0
876,20-08-2017,Transportation,BKC to kurla station,60.0
877,20-08-2017,Transportation,Ola cab - siddhivinayak to BKC,361.0
878,20-08-2017,Transportation,Dadar West to siddhivinayak,25.0
879,20-08-2017,Transportation,2 Place 0 to dadar return,60.0
880,20-08-2017,Transportation,2 Current Residence to Place 0,30.0
881,20-08-2017,Social Life,clothes ironing : Rs 6 per item,48.0
882,20-08-2017,Other,Mobile cover moto G5 plus,239.0
883,20-08-2017,Family,Foldable wardrobe,569.0
884,19-08-2017,Family,2 locks for bags,60.0
885,19-08-2017,Family,Colgate max fresh small,20.0
886,19-08-2017,Family,Dettol sanitizer,45.0
887,19-08-2017,Subscription,Current Residence - Tata Play recharge,217.0
888,18-08-2017,Family,,100.0
889,17-08-2017,Family,,1020.0
890,17-08-2017,Family,Sugar 1kg Rs.55 + shengdana Rs.33,88.0
891,17-08-2017,Food,2 Bhaji pav + 1 vadapav,45.0
892,15-08-2017,Family,Wifi Router TP link,1400.0
893,15-08-2017,Food,1.5 lit milk ,99.0
894,14-08-2017,Family,Steam machine,320.0
895,14-08-2017,Family,Biscuits+ onions,112.0
896,12-08-2017,Social Life,Ganpati+ navratri vargani,800.0
897,12-08-2017,Transportation,2 Place 2 to Place 1 - Shree Sharma Travels,1665.0
898,11-08-2017,Social Life,Rakshabandhan ovalini,500.0
899,11-08-2017,Transportation,2 CD to Place 1: shivshahi,470.0
900,11-08-2017,Transportation,within city,100.0
901,11-08-2017,Transportation,2 Place 1 to VN,330.0
902,11-08-2017,Transportation,Current Residence to Place 1 bus stop highway,60.0
903,10-08-2017,Family,Dahi (42) + Vanilla essance (34),76.0
904,10-08-2017,Food,milk 1lit ,66.0
905,09-08-2017,Family,Dettol liquid handwash refill,218.0
906,09-08-2017,Health,Move jel,125.0
907,08-08-2017,Tourism,Tours and Travel,43000.0
908,08-08-2017,Food,milk 1lit ,66.0
909,07-08-2017,Family,,5000.0
910,07-08-2017,Food,Half lit  milk,33.0
911,06-08-2017,Health,Vicks VapoRub,22.0
912,06-08-2017,Subscription,,170.0
913,06-08-2017,Family,,302.0
914,06-08-2017,Food,krack Jack biscuits,5.0
915,06-08-2017,Food,5 chapati,25.0
916,05-08-2017,Social Life,Purse on occasion of Rakshabandhan,909.0
917,05-08-2017,Social Life,Purse on occasion of Rakshabandhan,1145.0
918,05-08-2017,Social Life,Family's dresses,989.0
919,05-08-2017,Health,Cinarest,27.0
920,05-08-2017,Family,Change,100.0
921,05-08-2017,Health,Medical tests - Family,6190.0
922,04-08-2017,Subscription,Family Mobile Service Provider recharge,2999.0
923,04-08-2017,Food,milk 1lit ,68.0
924,03-08-2017,Subscription,,170.0
925,02-08-2017,Subscription,,2700.0
926,02-08-2017,Food,Maggie 1 pck,14.0
927,02-08-2017,Food,milk 1lit ,66.0
928,01-08-2017,Social Life,Myntra - tshirt+ denim shorts,399.0
929,01-08-2017,Health,4 paracetamol tablets,10.0
930,01-08-2017,Money transfer,,10000.0
931,31-07-2017,Food,Catering Service:Chicken masala (90)+2 chapati (10),100.0
932,31-07-2017,Transportation,ola auto - Current Residence to McD,65.0
933,31-07-2017,Food,4 eggs,22.0
934,30-07-2017,Food,Dahi 2 packets,20.0
935,30-07-2017,Transportation,2 Neeta travels : Place A to pune,895.0
936,30-07-2017,Family,Laptop repair,1000.0
937,30-07-2017,Family,Laptop repair ( 128gb SSD rs 2200+ 500gb HDD Rs.1800 + Msoffice+ windows),3000.0
938,30-07-2017,Food,Chicken roll kasha,100.0
939,30-07-2017,Transportation,Place 0 to Place 4 return,20.0
940,29-07-2017,Food,milk 1lit ,64.0
941,29-07-2017,Health,Hospital consultation,556.0
942,29-07-2017,Transportation,ola auto - Current Residence to hospital Place 6,97.0
943,28-07-2017,Transportation,2 Place 0 to Current Residence,30.0
944,28-07-2017,Health,Hospital consultation,167.0
945,28-07-2017,Health,Hospital consultation,3050.0
946,28-07-2017,Transportation,2 Place 0 to Place 6 return,20.0
947,28-07-2017,Transportation,2 Current Residence to Place 0,30.0
948,27-07-2017,Food,Non veg overloaded pizza,215.0
949,27-07-2017,Food,Chicken lollypop 4 pcs,203.0
950,27-07-2017,Family,Distilled water refill Inverter (Rs.100 given by Family),200.0
951,25-07-2017,Tourism,Tours and Travel,20000.0
952,24-07-2017,Food,Garlic bread + periperi masala fries,248.0
953,24-07-2017,Food,4 eggs,22.0
954,24-07-2017,Food,milk 1lit ,64.0
955,23-07-2017,Family,For tata sky installation (100 rs given by Family ),200.0
956,23-07-2017,Family,Tata sky STB (1299)+ 1 month recharge (226)+ extra wire 45meters(540),2065.0
957,23-07-2017,Food,Amul butter,52.0
958,22-07-2017,Food,milk 1lit ,64.0
959,21-07-2017,Other,CA  - income tax filing,1000.0
960,21-07-2017,Food,Half lit  milk,33.0
961,20-07-2017,Food,,88.0
962,20-07-2017,Food,Puri packet of 50 pcs,50.0
963,20-07-2017,Subscription,Annual recharge,2545.0
964,20-07-2017,Food,Half lit  milk,32.0
965,19-07-2017,Food,4 eggs,22.0
966,19-07-2017,Food,Half lit  milk,32.0
967,18-07-2017,Food,Thumbs up 250ml,20.0
968,18-07-2017,Food,5 litres can,70.0
969,18-07-2017,Food,Gehu 3 kg Rs21 + bajari 1kg Rs 7 + dal 1.5 kg Rs15,43.0
970,18-07-2017,Food,potato 1kg,35.0
971,18-07-2017,Family,Pakad,240.0
972,18-07-2017,Family,Umbrella,540.0
973,18-07-2017,Food,onion 2.5 kg,55.0
974,17-07-2017,Transportation,2 Place 0 to Current Residence,30.0
975,17-07-2017,Social Life,9 clothes ironing,63.0
976,17-07-2017,Food,Lemon tea,60.0
977,17-07-2017,Food,1 dal makhani rice(200)+ 1 chicken tikka rice(220)+chocolate pastry (120),540.0
978,17-07-2017,Transportation,2 Place 0 to TB returns,40.0
979,15-07-2017,Food,Gupta bhel,25.0
980,15-07-2017,Food,Half lit  milk,32.0
981,14-07-2017,Food,chocobar,15.0
982,12-07-2017,Social Life,farewell contribution,500.0
983,12-07-2017,Food,milk 1lit ,64.0
984,11-07-2017,Food,chocobar,15.0
985,11-07-2017,Education,Black Ball pen,10.0
986,11-07-2017,Family,,5000.0
987,11-07-2017,Family,,1500.0
988,10-07-2017,Food,2 packets,50.0
989,09-07-2017,Family,,2923.0
990,09-07-2017,Food,sugarcane juice,20.0
991,09-07-2017,Food,Vadapav,20.0
992,09-07-2017,Transportation,2 Place 3m to Mumbai vidyapeeth,12.0
993,09-07-2017,Transportation,2 Place 0 to Place 3 returns,80.0
994,09-07-2017,Transportation,2 Current Residence to Place 0,30.0
995,08-07-2017,Food,Pizza base packet - Patil dairy,30.0
996,08-07-2017,Food,4 eggs,26.0
997,08-07-2017,Food,milk 1lit ,64.0
998,05-07-2017,Food,Paneer mutter Rs.90+ 5 chapati Rs.25,115.0
999,05-07-2017,Food,2 Kg Onion 30/kg + 1 kg Potato 30/kg + Parle Biscuit Rs 10,100.0
1000,05-07-2017,Food,veg fried rice 1 full,180.0
1001,05-07-2017,Food,Catering Service (1 bhaji 30 + 3 chapti 15),45.0
1002,04-07-2017,Food,Dalich peeth pav kg,25.0
1003,04-07-2017,Subscription,,2700.0
1004,04-07-2017,Transportation,Place 1 bridge to Current Residence 2 seats,60.0
1005,04-07-2017,Food,,35.0
1006,04-07-2017,Food,milk 1lit ,64.0
1007,03-07-2017,Other,Devi Temple,5.0
1008,03-07-2017,Subscription,,170.0
1009,02-07-2017,Food,7 mava kulfie,140.0
1010,01-07-2017,Transportation,2 Place 2 to Place 1 - Shree Sharma Travels,1711.0
1011,01-07-2017,Money transfer,,10000.0
1012,30-06-2017,Social Life,Forrest essential perfume,4800.0
1013,29-06-2017,Health,Shaving,60.0
1014,29-06-2017,Transportation,Place 2 station to hospital 2 seat,50.0
1015,28-06-2017,Transportation,2 Place 0 to tilaknagar single side,30.0
1016,28-06-2017,Transportation,2 Current Residence to Place 0,30.0
1017,28-06-2017,Food,Chicken lollypop 4 pcs,186.5
1018,28-06-2017,Food,5rs mirchi + crack-jack,15.0
1019,28-06-2017,Family,,1500.0
1020,28-06-2017,Family,House Cleaning + washing utensils,2000.0
1021,27-06-2017,Health,Cough-sills 4 pcs,12.0
1022,26-06-2017,Food,2 kachori,24.0
1023,26-06-2017,Food,Dahi 2 packets,20.0
1024,26-06-2017,Food,milk 1lit ,64.0
1025,25-06-2017,Transportation,Place 0 to WS return,10.0
1026,24-06-2017,Food,milk 1lit ,64.0
1027,23-06-2017,Food,Shengdane pav kg,35.0
1028,23-06-2017,Other,Credit Card fee,590.0
1029,22-06-2017,Food,milk 1lit ,64.0
1030,22-06-2017,Social Life,Forrest essential after shave,1595.0
1031,22-06-2017,Food,Taco Bell veg combo,261.0
1032,22-06-2017,Transportation,2 Place 0 to WS returns,20.0
1033,22-06-2017,Transportation,2 Current Residence to Place 0,30.0
1034,20-06-2017,Social Life,Cupcake mould,250.0
1035,19-06-2017,Food,Shev bhaji sev pav kg,60.0
1036,19-06-2017,Food,M D sure 3kg atta,141.0
1037,19-06-2017,Food,Amul malai paneer pav kg,80.0
1038,19-06-2017,Food,Bread,18.0
1039,19-06-2017,Food,milk 1lit ,64.0
1040,18-06-2017,Transportation,H to kala circle,12.0
1041,18-06-2017,Transportation,Kala circle to H,15.0
1042,17-06-2017,Food,milk 1lit ,64.0
1043,16-06-2017,Social Life,Jeff kellar's winning attitude,137.0
1044,16-06-2017,Food,milk 1lit ,64.0
1045,15-06-2017,Other,Courier,50.0
1046,15-06-2017,Education,Print outs 3 + Xerox 16 + envelope 10,29.0
1047,13-06-2017,Food,milk 1lit ,64.0
1048,11-06-2017,Health,hair cut,100.0
1049,11-06-2017,Food,milk 1lit ,64.0
1050,10-06-2017,Health,Covaxin booster dose,386.0
1051,10-06-2017,Transportation,2 Kushinagar express (LTT to Place 2),501.0
1052,10-06-2017,Subscription,TOI,170.0
1053,08-06-2017,Transportation,2 Place 0 to Current Residence,30.0
1054,08-06-2017,Transportation,2 Current Residence to Place 0,30.0
1055,08-06-2017,Social Life,2 tickets - Cinepolis 4DX 3D,760.0
1056,08-06-2017,Food,Bread,35.0
1057,08-06-2017,Food,milk 1lit ,64.0
1058,08-06-2017,Food,6 pcs,35.0
1059,07-06-2017,Family,Sanjori mould,26.0
1060,06-06-2017,Education,Print out,3.0
1061,06-06-2017,Food,2 Veg puff,40.0
1062,06-06-2017,Food,milk 1lit ,64.0
1063,05-06-2017,Food,Chicken Biryani 120+ dal rice 60,180.0
1064,05-06-2017,Food,2 Cadbury dairy milk,20.0
1065,05-06-2017,Health,3 Sinarest,18.0
1066,05-06-2017,Health,Sofy antibacterial,190.0
1067,05-06-2017,Family,,2500.0
1068,04-06-2017,Food,Pav kg Simla mirch 20 + Hari mirch 5,25.0
1069,04-06-2017,Food,milk 1lit ,64.0
1070,03-06-2017,Food,sugarcane juice,20.0
1071,03-06-2017,Family,Supermart,267.0
1072,03-06-2017,Food,Non veg overloaded pizza,242.95
1073,03-06-2017,Subscription,,2700.1
1074,02-06-2017,Food,Vadapav,20.0
1075,02-06-2017,Food,M D sure 3kg atta,141.0
1076,01-06-2017,Food,2 kachori,24.0
1077,01-06-2017,Food,milk 1lit ,65.0
1078,01-06-2017,Family,,1000.0
1079,01-06-2017,Money transfer,,10000.0
1080,31-05-2017,Social Life,undergarments pair of Jockey,655.0
1081,30-05-2017,Food,5 chapati,25.0
1082,30-05-2017,Transportation,2 Place 0 to Current Residence,30.0
1083,30-05-2017,Food,Slice + Pepsi,40.0
1084,30-05-2017,Food,2 veg Frankie,120.0
1085,30-05-2017,Family,Crockery,275.0
1086,30-05-2017,Food,2 tea,34.0
1087,30-05-2017,Transportation,2 Place 0 to Place P return,80.0
1088,30-05-2017,Transportation,2 Current Residence to Place 0,30.0
1089,29-05-2017,Food,Half kg potato + half kg banana,35.0
1090,29-05-2017,Education,Xerox,30.0
1091,29-05-2017,Food,milk 1lit ,64.0
1092,28-05-2017,Family,,996.0
1093,28-05-2017,Food,2 kachori,24.0
1094,28-05-2017,Food,,45.0
1095,28-05-2017,Food,Mango 1 kg,140.0
1096,28-05-2017,Food,,30.0
1097,28-05-2017,Food,,60.0
1098,28-05-2017,Food,Medu vada 1 plate + dal vada 1,70.0
1099,27-05-2017,Food,milk 1lit ,64.0
1100,27-05-2017,Education,Print outs+ Xerox,20.0
1101,27-05-2017,Food,Pav kg tomato,20.0
1102,25-05-2017,Food,Ragda Puri,30.0
1103,25-05-2017,Transportation,Place 0 to Vikhroli single,15.0
1104,24-05-2017,Subscription,,261.0
1105,24-05-2017,Food,Samosa pav @ kurla,15.0
1106,24-05-2017,Transportation,Place 0 to Vikhroli return,30.0
1107,24-05-2017,Food,milk 1lit ,64.0
1108,23-05-2017,Food,Gupta bhel,25.0
1109,23-05-2017,Family,Rasna orange,46.0
1110,23-05-2017,Education,White board pen 25 + duster 50,75.0
1111,22-05-2017,Food,M D sure 2kg atta,88.0
1112,22-05-2017,Family,3 pin Holder,50.0
1113,22-05-2017,Food,Coke 750ml,40.0
1114,22-05-2017,Food,sugarcane juice,15.0
1115,21-05-2017,Transportation,2 Place 0 to Place 4 return,30.0
1116,21-05-2017,Transportation,2 Current Residence to Place 0,30.0
1117,21-05-2017,Food,3 kg ( 2kg bajari Rs 7 each + 1kg gahu & maka mix Rs.10),24.0
1118,21-05-2017,Transportation,Decathlon to station,20.0
1119,21-05-2017,Subscription,Monthly recharge,261.0
1120,18-05-2017,Food,pav bhaji + 5 pav extra,219.0
1121,18-05-2017,Food,,10.0
1122,18-05-2017,Food,,60.0
1123,18-05-2017,Food,Bhai poli,45.0
1124,18-05-2017,Food,Poha,25.0
1125,18-05-2017,Health,Shaving,50.0
1126,18-05-2017,Food,milk 1lit ,64.0
1127,18-05-2017,Food,,10.0
1128,17-05-2017,Food,,5.0
1129,17-05-2017,Food,Vanila family pack,99.0
1130,17-05-2017,Food,Full egg fried rice 100 + Manchurian dry 100,210.0
1131,17-05-2017,Food,,10.0
1132,16-05-2017,Food,,10.0
1133,16-05-2017,Health,Razor Blade,247.0
1134,16-05-2017,Food,Non veg combo meal,234.0
1135,16-05-2017,Food,,5.0
1136,15-05-2017,Subscription,March 210 + April 170,380.0
1137,15-05-2017,Food,Veg cheese grill sandwich,100.0
1138,15-05-2017,Food,Poha 25+ tea 10,35.0
1139,14-05-2017,Family,Shev bhaji sev,50.0
1140,14-05-2017,Food,Non veg overloaded pizza,242.0
1141,13-05-2017,Food,Non veg overloaded pizza,242.0
1142,13-05-2017,Food,,10.0
1143,13-05-2017,Food,4 chapati,20.0
1144,13-05-2017,Food,,5.0
1145,13-05-2017,Food,Medu vada 1 plate,35.0
1146,12-05-2017,Food,,10.0
1147,12-05-2017,Food,4 chapati,20.0
1148,12-05-2017,Food,,10.0
1149,12-05-2017,Family,,5000.0
1150,11-05-2017,Food,Full egg fried rice 100 + chicken lollypop 4 pcs 130,233.0
1151,11-05-2017,Subscription,,230.0
1152,11-05-2017,Food,,10.0
1153,11-05-2017,Health,Body hair removal cream,318.0
1154,10-05-2017,Education,Courier,100.0
1155,10-05-2017,Education,Xerox,12.0
1156,10-05-2017,Education,2 envelope,24.0
1157,10-05-2017,Food,4 chapati,20.0
1158,10-05-2017,Food,Sweet bread cake 85 + veg puff 2,125.0
1159,10-05-2017,Food,Dudhi 30 + 3 chapati,45.0
1160,10-05-2017,Food,Tea + 2 kachori,34.0
1161,09-05-2017,Food,Cornetto butterscotch,40.0
1162,09-05-2017,Food,,10.0
1163,09-05-2017,Food,4 chapati,20.0
1164,09-05-2017,Food,Chana masala 30 + 3 chapati,45.0
1165,08-05-2017,Food,Egg fry + chicken lollypop,191.0
1166,08-05-2017,Food,Poha 25+ tea 10,35.0
1167,07-05-2017,Food,Aloo mutter sabji,30.0
1168,07-05-2017,Food,Chicken manchow soup,98.0
1169,07-05-2017,Subscription,No daily limit plan ( 25 GB 30 days),296.0
1170,07-05-2017,Food,Double omlet pav + tea,45.0
1171,06-05-2017,Food,5 chapati,25.0
1172,06-05-2017,Food,Veg puff,20.0
1173,06-05-2017,Food,,10.0
1174,06-05-2017,Food,Paneer masala + hara bhara kabab 6 pcs,330.0
1175,05-05-2017,Food,Bhendi masala 30 + 3 chapati,45.0
1176,05-05-2017,Food,sugarcane juice,20.0
1177,05-05-2017,Food,Bread,33.0
1178,04-05-2017,Subscription,No daily limit plan ( 25 GB 30 days),296.0
1179,03-05-2017,Transportation,Place 0 to Current Residence,15.0
1180,03-05-2017,Transportation,40 Place 0 to Place 3 return+ 20 single,60.0
1181,03-05-2017,Transportation,2 Current Residence to Place 0,30.0
1182,03-05-2017,Transportation,Place 0 to Place 6 return,10.0
1183,03-05-2017,Family,Gas stove elica 3 burner,8825.0
1184,03-05-2017,Social Life,Decathlon shoes,1811.0
1185,03-05-2017,Transportation,Place 3 to Place 2 sevagram,1100.0
1186,03-05-2017,Subscription,,2700.1
1187,02-05-2017,Health,Q-dee strip,40.0
1188,02-05-2017,Social Life,Puma Troy mu running shoes,2421.0
1189,02-05-2017,Food,2 cups,20.0
1190,02-05-2017,Food,milk 1lit ,64.0
1191,01-05-2017,Family,,1000.0
1192,01-05-2017,Food,2 Fried rice,321.0
1193,01-05-2017,Transportation,2 Place 0 to Current Residence,30.0
1194,01-05-2017,Transportation,2 Place 0 to WS single,10.0
1195,01-05-2017,Transportation,2 Current Residence to Place 0,30.0
1196,01-05-2017,Social Life,Shorts for Family,399.0
1197,01-05-2017,Social Life,H&M Tshirt for Family,599.0
1198,01-05-2017,Other,To savings account,100.0
1199,01-05-2017,Food,M D sure 1kg atta,47.0
1200,01-05-2017,Money transfer,,10000.0
1201,30-04-2017,Food,chocobar,10.0
1202,30-04-2017,Transportation,2 Place 0 to Current Residence,30.0
1203,30-04-2017,Food,6 bananas,25.0
1204,30-04-2017,Food,Chicken lollypop 8 pcs,221.0
1205,30-04-2017,Food,2 Pani Puri+ 1 samosa chat,110.0
1206,30-04-2017,Food,Chota bread,17.0
1207,30-04-2017,Food,milk 1lit ,64.0
1208,28-04-2017,Food,Cup of butterscotch (20) + chocobar (10),30.0
1209,28-04-2017,Subscription,1 month subscription,149.0
1210,27-04-2017,Food,milk 1lit ,64.0
1211,26-04-2017,Social Life,farewell contribution,385.0
1212,25-04-2017,Food,2 kachori,24.0
1213,25-04-2017,Transportation,Place 6 station to college,10.0
1214,25-04-2017,Transportation,2 Place 0 to Place 6 return,20.0
1215,25-04-2017,Transportation,2 Current Residence to Place 0,30.0
1216,25-04-2017,Food,milk 1lit ,64.0
1217,24-04-2017,Other,Family's Wristwatch repair,170.0
1218,23-04-2017,Food,Ladyfinger pav kg,15.0
1219,23-04-2017,Food,2 Veg puff,40.0
1220,22-04-2017,Food,sugarcane juice,20.0
1221,22-04-2017,Transportation,Place 0 to Vikhroli return,30.0
1222,22-04-2017,Food,milk 1 lit (64) + paneer (75) + bread (30) + 6 eggs (36),205.0
1223,21-04-2017,Health,Q-dee strip,40.0
1224,21-04-2017,Subscription,Monthly recharge,261.0
1225,20-04-2017,Family,Smart point,621.68
1226,20-04-2017,Food,milk 1lit ,64.0
1227,18-04-2017,Food,Raspberry dolly,20.0
1228,18-04-2017,Food,milk 1lit ,64.0
1229,17-04-2017,Food,"The X restaurant, Place 1",1076.0
1230,17-04-2017,Family,H&M clothes,1497.0
1231,16-04-2017,Subscription,,192.0
1232,14-04-2017,Family,,5000.0
1233,12-04-2017,Food,8 pcs meduvada + 4 pcs dal vada + sambar + chatni,125.0
1234,10-04-2017,Food,sugarcane juice,20.0
1235,06-04-2017,Transportation,Place 6 to Place 2 - 3Tier AC cancellation charges,213.6
1236,04-04-2017,Food,chocobar (25)+ chocolate cup (20),45.0
1237,03-04-2017,Food,1 chicken shawarma,60.0
1238,03-04-2017,Subscription,,2700.1
1239,01-04-2017,Food,egg roll,40.0
1240,01-04-2017,Food,Half kg potato,10.0
1241,01-04-2017,Food,Sambar masala (32)+ 2 milkybar,52.0
1242,01-04-2017,Money transfer,,10000.0
1243,31-03-2017,Transportation,2 Place 0 to dadar return,60.0
1244,31-03-2017,Transportation,siddhivinayak to shiv sena bhavan,30.0
1245,31-03-2017,Transportation,Dadar West to siddhivinayak,30.0
1246,31-03-2017,Food,( pav bhaji + 2 extra pav + sabudana khichdi + kothimbir vada + masala bhat + piyush ),495.0
1247,31-03-2017,Transportation,Place 4 station to Place 4 plaza,15.0
1248,31-03-2017,Family,Laptop repair (servicing+ 2gb ram upgrade + fan replacement + antivirus),2500.0
1249,31-03-2017,Transportation,Place 0 to Current Residence,15.0
1250,31-03-2017,Transportation,2 Current Residence to Place 0,30.0
1251,30-03-2017,Family,,245.0
1252,28-03-2017,Food,Soda water,12.0
1253,27-03-2017,Family,USB cord,260.0
1254,27-03-2017,Food,milk 1lit ,60.0
1255,26-03-2017,Family,Smart,786.0
1256,26-03-2017,Food,milk 1 lit,60.0
1257,25-03-2017,Food,Dahi 2 packets,20.0
1258,25-03-2017,Health,Tablet,29.0
1259,25-03-2017,Health,Jel,110.0
1260,25-03-2017,Transportation,Place 2 to Place 1,900.0
1261,25-03-2017,Health,Doctor Fees,150.0
1262,25-03-2017,Food,milk 1 lit,60.0
1263,23-03-2017,Family,,3000.0
1264,23-03-2017,Food,3 sugarcane juice,60.0
1265,23-03-2017,Other,Fifa 21 pc,1499.0
1266,22-03-2017,Transportation,2 Place 0 to Current Residence,20.0
1267,22-03-2017,Transportation,,50.0
1268,22-03-2017,Family,Mattress advance,500.0
1269,22-03-2017,Transportation,within city,33.0
1270,22-03-2017,Transportation,2 Place 6 to Place 7,18.0
1271,22-03-2017,Transportation,2 Place 0 to WS returns,20.0
1272,22-03-2017,Transportation,2 Current Residence to Place 0,30.0
1273,22-03-2017,Transportation,Place 6 to Place 2,600.0
1274,20-03-2017,Family,2 Spike guard,450.0
1275,19-03-2017,Subscription,Mobile Service Provider freedom pack,296.0
1276,18-03-2017,Food,2 samosa (32) + 25 Pani Puri,57.0
1277,18-03-2017,Food,,160.0
1278,18-03-2017,Food,Grapes + apple + guava,310.0
1279,16-03-2017,Subscription,6 months ( 30mb UL plan + 1 month free),2820.0
1280,15-03-2017,Family,drainage powder,50.0
1281,15-03-2017,Family,2 toast+ 2 parle g + Marie gold,111.0
1282,15-03-2017,Food,2 softy,40.0
1283,14-03-2017,Family,2 bath stool,300.0
1284,13-03-2017,Food,,100.0
1285,13-03-2017,Family,Wall hanging clipboard,400.0
1286,13-03-2017,Health,hair cut,100.0
1287,13-03-2017,Family,ceiling fans repair,1600.0
1288,12-03-2017,Transportation,2 Place 0 to Current Residence,30.0
1289,12-03-2017,Food,2 sugarcane juice,40.0
1290,12-03-2017,Food,pav bhaji pav(90) + 4 pav extra(40),130.0
1291,12-03-2017,Social Life,2 Batman tickets,440.0
1292,12-03-2017,Transportation,2 Place 0 to Place 4 return,40.0
1293,12-03-2017,Transportation,2 Current Residence to Place 0,30.0
1294,11-03-2017,Transportation,2 Place 0 to Current Residence,30.0
1295,11-03-2017,Transportation,2 Place 0 to WS returns,20.0
1296,11-03-2017,Food,bhel + shev puri,60.0
1297,11-03-2017,Food,1.5 lit milk + 3 cold drink + 1 khari + 1 bread,200.0
1298,10-03-2017,Transportation,2 Place 2 to Place 1,1599.98
1299,10-03-2017,Subscription,Mobile Service Provider freedom pack,296.0
1300,10-03-2017,Food,milk 1lit ,62.0
1301,10-03-2017,Food,3 plate kachori,72.0
1302,09-03-2017,Food,2 orange juices,100.0
1303,09-03-2017,Food,2 Schwan chutteny + 2 cheese cube + amul butter,100.0
1304,08-03-2017,Food,naturals,150.0
1305,07-03-2017,Food,1 kg apple + grapes 0.5 kg,190.0
1306,07-03-2017,Food,,105.0
1307,07-03-2017,Food,vanilla ice cream cups 2,20.0
1308,07-03-2017,Food,milk 1lit ,62.0
1309,07-03-2017,Subscription,,2700.1
1310,06-03-2017,Food,milk 1lit ,62.0
1311,06-03-2017,Food,2 plate medu vada + 2 pcs dal vada,45.0
1312,05-03-2017,Social Life,footwear repair,10.0
1313,05-03-2017,Family,plastic kharata + brush,140.0
1314,05-03-2017,Food,,949.0
1315,05-03-2017,Transportation,Place 0 to sec 21,30.0
1316,05-03-2017,Food,sugarcane juice 2,30.0
1317,05-03-2017,Transportation,Place 0 to Place 6 return 2,20.0
1318,05-03-2017,Transportation,Current Residence to Place 0,30.0
1319,04-03-2017,Food,vanilla ice cream cups 2,20.0
1320,03-03-2017,Food,milk 1 lit + butter milk + srikhand pav kg,148.0
1321,01-03-2017,Family,measuring tape,50.0
1322,01-03-2017,Money transfer,,10000.0
1323,28-02-2017,Transportation,within city,40.0
1324,28-02-2017,Food,sabudana + rajgira ladu,85.0
1325,28-02-2017,Transportation,Place 0 to Current Residence,30.0
1326,28-02-2017,Transportation,2 Place 3m to vadala rd,10.0
1327,28-02-2017,Transportation,BEST 138 - Marine drive to Place 3m,12.0
1328,28-02-2017,Food,,10.0
1329,28-02-2017,Other,fine,400.0
1330,28-02-2017,Food,At restaurant,2421.0
1331,28-02-2017,Transportation,2 Santacruz to churchgate,20.0
1332,28-02-2017,Food,sugarcane juice 2,30.0
1333,28-02-2017,Transportation,share auto - mumbai University Kalina to Santacruz station,40.0
1334,28-02-2017,Transportation,Current Residence to Place 0,30.0
1335,28-02-2017,Transportation,2 Santacruz return,80.0
1336,28-02-2017,Transportation,Santacruz to Kalina University,57.0
1337,27-02-2017,Transportation,2 TB return,40.0
1338,27-02-2017,Transportation,Place 0 to Current Residence,30.0
1339,27-02-2017,Transportation,Current Residence to Place 0,30.0
1340,27-02-2017,Food,6 chapati(8 rs) + half rice,88.0
1341,27-02-2017,Family,3 Wall clock cell,55.0
1342,27-02-2017,Food,milk 1lit  + amul butter milk,76.0
1343,26-02-2017,Transportation,Place 0 to WS returns,20.0
1344,26-02-2017,Transportation,Current Residence to Place 0,30.0
1345,26-02-2017,Family,,846.0
1346,26-02-2017,Family,dustbin + basin sink cover,360.0
1347,26-02-2017,Food,2 Jumbo king burger,58.0
1348,25-02-2017,Family,exide inverter battery 150amp,8500.0
1349,25-02-2017,Family,tube and inverter fitting,1600.0
1350,25-02-2017,Family,hp cylinder,920.0
1351,25-02-2017,Food,veg paneer tikka 4 roti,318.0
1352,25-02-2017,Subscription,,100.0
1353,25-02-2017,Food,veg triple Schwan fried rice,247.0
1354,24-02-2017,Food,milk 1 lit + butter milk,75.0
1355,24-02-2017,Food,3 tea yevle amrutullya,30.0
1356,24-02-2017,Food,At restaurant,100.0
1357,23-02-2017,Food,2 vanilla + 2 butterscotch,80.0
1358,22-02-2017,Education,stamp pad,30.0
1359,22-02-2017,Transportation,Place 2 to Place 1,5500.0
1360,21-02-2017,Food,pav vada,10.0
1361,19-02-2017,Money transfer,To Family,23.0
1362,19-02-2017,Food,sugarcane juice 2,30.0
1363,19-02-2017,Education,laminated colour print out,25.0
1364,19-02-2017,Social Life,undergarments pair of Jockey,498.0
1365,18-02-2017,Family,,500.0
1366,18-02-2017,Subscription,Mobile Service Provider recharge wfh,301.0
1367,16-02-2017,Social Life,farewell contribution,400.0
1368,13-02-2017,Subscription,Mobile Service Provider recharge wfh,301.0
1369,12-02-2017,Other,laptop repair (format 350 + quick heal pro 500),850.0
1370,11-02-2017,Other, courier,75.0
1371,11-02-2017,Food,single pav vada,10.0
1372,11-02-2017,Family,,1000.0
1373,08-02-2017,Social Life,Handbag to Family,1499.0
1374,06-02-2017,Food,half kg chiku,30.0
1375,06-02-2017,Food,1 kg apple,140.0
1376,06-02-2017,Food,vegetables,195.0
1377,06-02-2017,Food,jira + toast pav kilo,110.0
1378,05-02-2017,Transportation,within city,40.0
1379,05-02-2017,Food,,10.0
1380,05-02-2017,Transportation,N to M,330.0
1381,04-02-2017,Social Life,clothes ironing,38.0
1382,04-02-2017,Food,5 pouch of shreejal,60.0
1383,04-02-2017,Food,samosa + sabudana vada,53.0
1384,04-02-2017,Food,half liter buffalo,30.0
1385,03-02-2017,Health,meftal spas,8.0
1386,03-02-2017,Food,parath + chicken biryani,412.25
1387,03-02-2017,Food,shreejal 1,12.0
1388,03-02-2017,Food,parle top biscuits,10.0
1389,03-02-2017,Food,chicken roll,50.0
1390,03-02-2017,Subscription,,2700.1
1391,02-02-2017,Food,At restaurant,1160.0
1392,02-02-2017,Subscription,Mobile Service Provider recharge wfh,301.0
1393,01-02-2017,Subscription,Mobile Service Provider recharge wfh,301.0
1394,01-02-2017,Food,half liter buffalo,33.0
1395,01-02-2017,Money transfer,,10000.0
1396,31-01-2017,Food,half liter buffalo,35.0
1397,30-01-2017,Food,half liter buffalo,35.0
1398,30-01-2017,Food,single pav vada,15.0
1399,29-01-2017,Food,3 parathe ( 80 mix veg + 70 methi + 100 paneer aloo),250.0
1400,29-01-2017,Food,cheese chilli toast sandwich 1,60.0
1401,29-01-2017,Food,2 Shegaon kachori (nasik),30.0
1402,29-01-2017,Food,brown bread,35.0
1403,29-01-2017,Food,half liter buffalo,35.0
1404,29-01-2017,Transportation,within city,30.0
1405,29-01-2017,Transportation,2 tickets Place 2 to N,510.0
1406,29-01-2017,Transportation,within city,30.0
1407,23-01-2017,Subscription,,181.0
1408,23-01-2017,Social Life,Birthday gift,649.0
1409,22-01-2017,Family,,2000.0
1410,22-01-2017,Food,,410.0
1411,21-01-2017,Subscription,Mobile Service Provider recharge,149.0
1412,20-01-2017,Subscription,Mobile Service Provider recharge wfh,301.0
1413,19-01-2017,Food,2 Bombay vada pav,20.0
1414,19-01-2017,Family,syrup,145.0
1415,16-01-2017,Transportation,GHroad to Permanent Residence,40.0
1416,16-01-2017,Family,chair pair,2400.0
1417,16-01-2017,Other,adhar pvc card order,50.0
1418,15-01-2017,Food,chole + shev,140.0
1419,15-01-2017,Food,fruits and vegetables + kirana,540.0
1420,11-01-2017,Food,3 chips packets + bread,45.0
1421,11-01-2017,Health,adulsa ( tonic for cough ),90.0
1422,10-01-2017,Food,1 kg apple + bananas,160.0
1423,09-01-2017,Food,Himalaya soap(30) + Sofie (59) + kitkat (10),99.0
1424,09-01-2017,Health,hair cut+shaving,80.0
1425,08-01-2017,Subscription,1 month subscription,149.0
1426,08-01-2017,Transportation,Place 2 bus stand to Permanent Residence,50.0
1427,07-01-2017,Food,woffel,175.0
1428,07-01-2017,Transportation,Current Residence to hotel on highway,50.0
1429,06-01-2017,Transportation,Place 1 to Place 2 - Novelty tour and travels,1396.5
1430,06-01-2017,Food,veg paneer tikka 3 roti,294.0
1431,06-01-2017,Food,milk 0.5 lit ,31.0
1432,06-01-2017,Family,moscuito racket,200.0
1433,06-01-2017,Food,4 Shegaon kachori,48.0
1434,05-01-2017,Family,inverter battery check,100.0
1435,05-01-2017,Food,milk 0.5 lit ,31.0
1436,05-01-2017,Subscription,Mobile Service Provider recharge wfh,301.0
1437,04-01-2017,Food,biscuits+icecream,40.0
1438,03-01-2017,Subscription,,2816.92
1439,03-01-2017,Food,fruits and vegetables,140.0
1440,03-01-2017,Food,Pastry 2,50.0
1441,03-01-2017,Food,yevle amrutullya,20.0
1442,03-01-2017,Food,milk 0.5 lit ,31.0
1443,03-01-2017,Food,2 uttapam,310.0
1444,03-01-2017,Food,,70.0
1445,03-01-2017,Food,farm house pizza,330.0
1446,03-01-2017,Social Life,Imax 3D,400.0
1447,03-01-2017,Transportation,Place 0 to WS returns,20.0
1448,03-01-2017,Transportation,Current Residence to Place 0,30.0
1449,02-01-2017,Transportation,Current Residence to Place 0,60.0
1450,02-01-2017,Family,belan,110.0
1451,02-01-2017,Food,1 veg noodles + 1 chicken soup + 1 egg fried rice,386.0
1452,01-01-2017,Food,fruits and vegetables,510.0
1453,01-01-2017,Health,antibiotics,354.0
1454,01-01-2017,Food,1kg atta,40.0
1455,01-01-2017,Family,Channi + viper+ ghasni,50.0
1456,01-01-2017,Food,pizza meal,340.0
1457,01-01-2017,Health,Doctor Fees,300.0
1458,01-01-2017,Money transfer,,100000.0
1459,31-12-2016,Food,milk + butter + biscuits/toast,77.0
1460,31-12-2016,Food,1 chicken shawarma + 1 chicken lollipop - 1 veg cheese burger,375.0
1461,31-12-2016,Food,1 Panipuri,25.0
1462,31-12-2016,Social Life,Birthday gift,1096.0
1463,31-12-2016,Health,strepsils 1 strip,24.0
1464,31-12-2016,Food,veg fried rice,170.0
1465,31-12-2016,Subscription,EMI 1,2816.0
1466,31-12-2016,Food,edible oil,160.0
1467,30-12-2016,Transportation,Permanent Residence to bus stand,100.0
1468,29-12-2016,Other,xerox,25.0
1469,29-12-2016,Food,2 chips packets,10.0
1470,29-12-2016,Food,1 sher bajri 1 kg dadar 1 kg makka,14.0
1471,29-12-2016,Subscription,,214.0
1472,29-12-2016,Transportation,LTT to Place 2 (Patna Exp) cancellation,403.0
1473,29-12-2016,Social Life,Nokia 215 mobile for Aai,3195.0
1474,28-12-2016,Food,Monaco biscuits,10.0
1475,28-12-2016,Other,specs,1780.0
1476,25-12-2016,Subscription,Mobile Service Provider recharge wfh,301.0
1477,22-12-2016,Social Life,farewell contribution,285.0
1478,22-12-2016,Transportation,Place 5 to Place 1 sevagram,11.8
1479,21-12-2016,Family,sweater,1874.0
1480,21-12-2016,Transportation,LTT to Place 2 cancellation,251.8
1481,21-12-2016,Transportation,Place 2 to Place 1 - Novelty tour and travels,1900.0
1482,19-12-2016,Food,2 dabeli,30.0
1483,19-12-2016,Family,sensitive toothbrush,49.0
1484,19-12-2016,Food,chips 1 Kurkure (19) 1 lays (10),29.0
1485,19-12-2016,Food,1 kg mosambi 1 kg apple,170.0
1486,18-12-2016,Family,,2000.0
1487,17-12-2016,Subscription,Mobile Service Provider recharge wfh,301.0
1488,14-12-2016,Food,,200.0
1489,13-12-2016,Other,kalnirnay calender,35.0
1490,13-12-2016,Family,oralB toothbrush with cap,25.0
1491,13-12-2016,Social Life,farewell contribution,350.0
1492,11-12-2016,Other,jeevan drop,45.0
1493,11-12-2016,Health,Doctor Fees,200.0
1494,11-12-2016,Health,eye drop maxmoist,257.0
1495,10-12-2016,Food,chocobar,30.0
1496,10-12-2016,Investment,,1000.0
1497,10-12-2016,Investment,,1000.0
1498,09-12-2016,Subscription,Mobile Service Provider recharge wfh,301.0
1499,08-12-2016,Food,cheese cubes(2),30.0
1500,08-12-2016,Other,OTT Platform 1 subscription,199.0
1501,07-12-2016,Investment,,1000.0
1502,05-12-2016,Family,tonic,155.0
1503,05-12-2016,Investment,,1000.0
1504,05-12-2016,Investment,,1000.0
1505,04-12-2016,Food,gilke,25.0
1506,04-12-2016,Food,kadhipatta + 2 lemon,10.0
1507,04-12-2016,Food,kandyachi paat,8.0
1508,04-12-2016,Food,tomato,30.0
1509,04-12-2016,Food,onion 1 kg,25.0
1510,04-12-2016,Food,val + methi + lady finger,50.0
1511,04-12-2016,Food,carrets + brinjal + flower,90.0
1512,04-12-2016,Food,3 chips packets,15.0
1513,04-12-2016,Food,pav bhaji pav 3 packets (8pcs each),45.0
1514,04-12-2016,Food,8 bananas,20.0
1515,03-12-2016,Food,Colgate max fresh medium,55.0
1516,03-12-2016,Food,2 milkybar,20.0
1517,01-12-2016,Investment,,40000.0
1518,01-12-2016,Money transfer,,10000.0
1519,30-11-2016,Family,leggings,500.0
1520,30-11-2016,Subscription,Mobile Service Provider recharge wfh,251.0
1521,30-11-2016,Subscription,mobile recharge sim 2,98.0
1522,29-11-2016,Family,Himalaya shampoo,60.0
1523,28-11-2016,Family,Metz 32 inch TV,20500.0
1524,28-11-2016,Other,flour mill,8.0
1525,28-11-2016,Food,mava 1 large,20.0
1526,25-11-2016,Subscription,Mobile Service Provider recharge wfh,251.0
1527,21-11-2016,Transportation,within city,50.0
1528,21-11-2016,Health,strepsils,15.0
1529,21-11-2016,Transportation,within city,70.0
1530,20-11-2016,Transportation,Locality V to Permanent Residence,50.0
1531,19-11-2016,Food,poppins,2.0
1532,19-11-2016,Food,"3 parathe , 1 Hara bhara kabab, 1 rabdi malai, 1 masala papad, 1 pepsi",1087.0
1533,19-11-2016,Transportation,within city,50.0
1534,19-11-2016,Food,two water bottles,40.0
1535,19-11-2016,Other,Sayaji baug express (50/adult),100.0
1536,19-11-2016,Transportation,ola auto - BRC ,40.0
1537,19-11-2016,Transportation,Place T to brc,94.0
1538,19-11-2016,Transportation,share jeep - Place T top to base (50/person),100.0
1539,19-11-2016,Food,lemon juice ( 20/person),40.0
1540,19-11-2016,Other,"Puja saman (150 for 5 Nariyal, 400 for 1kg sweets and 190 for rest)",740.0
1541,19-11-2016,Transportation,ropeway Place T to and fro (169/person),338.0
1542,19-11-2016,Transportation,share jeep - Place T base to top (50/person),100.0
1543,19-11-2016,Transportation,share auto - Place H to Place T base (20/person),40.0
1544,19-11-2016,Transportation,bus - brc to Place H ( 27/person),54.0
1545,19-11-2016,Transportation,within city,80.0
1546,17-11-2016,Food,single pav vada,10.0
1547,15-11-2016,Food,lemons,20.0
1548,15-11-2016,Other,flowers,10.0
1549,15-11-2016,Food,apple + mosambi 1kg each,180.0
1550,14-11-2016,Transportation,Veer Travels - BRC to Place 2 ( 2 Adults),1800.0
1551,14-11-2016,Transportation,Kabra Travels - Place 2 to BRC (2 Adults),4662.0
1552,12-11-2016,Health,mouth fresh,55.0
1553,12-11-2016,Food,Bombay vada pav,10.0
1554,10-11-2016,Transportation,Permanent Residence to Bandhu prem,40.0
1555,10-11-2016,Investment,RD,1000.0
1556,10-11-2016,Investment,Life Insurance,11286.0
1557,10-11-2016,Investment,,1000.0
1558,10-11-2016,Investment,,1000.0
1559,09-11-2016,Other,gulal,10.0
1560,08-11-2016,Subscription,1 month subscription,199.0
1561,07-11-2016,Food,ice cream,45.0
1562,05-11-2016,Transportation,Permanent Residence to hospital,30.0
1563,05-11-2016,Investment,RD,1000.0
1564,05-11-2016,Investment,,1000.0
1565,04-11-2016,Social Life,firecracker,50.0
1566,03-11-2016,Food,butter + frozen vatana+ 9 pan,240.0
1567,03-11-2016,Other,cake + Happy Birthday letters,470.0
1568,03-11-2016,Health,medicine,700.0
1569,02-11-2016,Health,cutting + shaving,80.0
1570,01-11-2016,Social Life,firecracker,450.0
1571,01-11-2016,Food,mosambi 1kg,50.0
1572,01-11-2016,Investment,,10000.0
1573,01-11-2016,Money transfer,,10000.0
1574,31-10-2016,Social Life,Mi band 5 ( Bhaiduj gift),1999.0
1575,28-10-2016,Health,syrup+tablet+ mortein refill,221.0
1576,28-10-2016,Transportation,Permanent Residence to pathology,40.0
1577,27-10-2016,Subscription,,251.0
1578,27-10-2016,Family,Undated Planner - June shop,1119.2
1579,27-10-2016,Food,mehndi,25.0
1580,27-10-2016,Food,apple + mosambi 1kg each,170.0
1581,26-10-2016,Health,,617.0
1582,25-10-2016,Food,egg roll,25.0
1583,24-10-2016,Food,popcorn+mehndi+mosambi+orange+all out refill,320.0
1584,22-10-2016,Food,Khari,35.0
1585,22-10-2016,Food,pav vada,20.0
1586,17-10-2016,Food,butter + paneer + pav+batate+tamate,215.0
1587,15-10-2016,Food,,430.0
1588,14-10-2016,Food,sugar + biscuits,120.0
1589,13-10-2016,Family,scratch guard ipad,249.0
1590,12-10-2016,Food,coconut,150.0
1591,10-10-2016,Food,apple half kg+ mixer repair+flowers,100.0
1592,10-10-2016,Investment,,1000.0
1593,10-10-2016,Investment,,1000.0
1594,10-10-2016,Investment,,1000.0
1595,09-10-2016,Family,scratch guard ipad,249.0
1596,09-10-2016,Health,,40.0
1597,09-10-2016,Transportation,Permanent Residence to hospital to n fro,80.0
1598,09-10-2016,Food,mosambi 1kg+ gavar pav kilo+lemon 3 + kothimbir,90.0
1599,08-10-2016,Health,razor,174.0
1600,07-10-2016,Subscription,1 month subscription,199.0
1601,05-10-2016,Investment,,1000.0
1602,05-10-2016,Investment,,1000.0
1603,01-10-2016,Social Life,vargini,200.0
1604,01-10-2016,Investment,,10000.0
1605,01-10-2016,Money transfer,,10000.0
1606,28-09-2016,Other,flour mill,32.0
1607,19-09-2016,Food,,33.0
1608,15-09-2016,Food,chocobar+milk+chips,95.0
1609,14-09-2016,Subscription,,251.0
1610,14-09-2016,Family,baggit purse,437.0
1611,13-09-2016,Food,brownie,70.0
1612,13-09-2016,Food,riverdine date,845.0
1613,12-09-2016,Food,bread,35.0
1614,12-09-2016,Food,half liter buffalo,35.0
1615,12-09-2016,Food,vanilla ice cream cups 2,20.0
1616,11-09-2016,Food,badishop,70.0
1617,11-09-2016,Food,half liter buffalo,35.0
1618,11-09-2016,Transportation,meghdoot to plaza,20.0
1619,10-09-2016,Investment,,1000.0
1620,10-09-2016,Investment,,1000.0
1621,09-09-2016,Food,1lit buffalo milk,70.0
1622,08-09-2016,Food,cold coffee,30.0
1623,08-09-2016,Food,bread,20.0
1624,08-09-2016,Subscription,,251.0
1625,07-09-2016,Food,1 dozen,72.0
1626,07-09-2016,Investment,,1000.0
1627,06-09-2016,Transportation,Place 6 to Place 2,598.5
1628,05-09-2016,Investment,,1000.0
1629,05-09-2016,Investment,,1000.0
1630,01-09-2016,Transportation,Place 2 to mum,750.0
1631,01-09-2016,Subscription,,251.0
1632,01-09-2016,Investment,,10000.0
1633,01-09-2016,Money transfer,,10000.0
1634,29-08-2016,Social Life,Ganesh idol,361.0
1635,29-08-2016,Family,boric powder,40.0
1636,29-08-2016,Family,lizol,98.0
1637,24-08-2016,Social Life,rakshabandhan ovalni ,500.0
1638,23-08-2016,Family,,2000.0
1639,22-08-2016,Social Life,rakshabandhan ovalni ,500.0
1640,21-08-2016,Other,earphones,100.0
1641,18-08-2016,Subscription,,251.0
1642,14-08-2016,Other,pens,5.0
1643,14-08-2016,Health,hair cut,100.0
1644,11-08-2016,Investment,Life Insurance,11286.0
1645,10-08-2016,Investment,,1000.0
1646,10-08-2016,Investment,,1000.0
1647,09-08-2016,Subscription,,251.0
1648,07-08-2016,Investment,,1000.0
1649,07-08-2016,Family,PET Psychology,750.0
1650,05-08-2016,Investment,,1000.0
1651,05-08-2016,Investment,,1000.0
1652,04-08-2016,Family,ipad cover,260.0
1653,01-08-2016,Investment,,10000.0
1654,01-08-2016,Money transfer,,15000.0
1655,31-07-2016,Other,frame for specs,250.0
1656,25-07-2016,Subscription,,251.0
1657,21-07-2016,Subscription,,251.0
1658,20-07-2016,Subscription,Mobile Service Provider recharge 365 days,2599.0
1659,13-07-2016,Health,citrizen + crocine,10.0
1660,12-07-2016,Investment,,1000.0
1661,12-07-2016,Investment,Mutual fund C,1000.0
1662,07-07-2016,Investment,Mutual fund B,1000.0
1663,05-07-2016,Investment,,1000.0
1664,05-07-2016,Investment,Mutual fund A,1000.0
1665,05-07-2016,Subscription,,251.0
1666,04-07-2016,Subscription,,251.0
1667,01-07-2016,Family,Family Mobile Service Provider recharge,2599.0
1668,01-07-2016,Investment,,10000.0
1669,01-07-2016,Money transfer,,15000.0
1670,30-06-2016,Other,pan card application,106.9
1671,27-06-2016,Transportation,Chalisgaon to Baroda return,3200.0
1672,27-06-2016,Subscription,,251.0
1673,23-06-2016,Subscription,Amazon prime subscription,995.0
1674,22-06-2016,Subscription,Mobile Service Provider sim card porting,350.0
1675,20-06-2016,Food,icecream,140.0
1676,19-06-2016,Food,grocery,600.0
1677,19-06-2016,Family,Family exam form,905.0
1678,18-06-2016,Other,flour mill,38.0
1679,12-06-2016,Food,,84.0
1680,12-06-2016,Subscription,,251.0
1681,10-06-2016,Investment,,1000.0
1682,10-06-2016,Investment,Mutual fund C,1000.0
1683,07-06-2016,Investment,Mutual fund B,1000.0
1684,05-06-2016,Investment,,1000.0
1685,05-06-2016,Investment,Mutual fund A,1000.0
1686,05-06-2016,Food,biscuits + medicine,68.0
1687,01-06-2016,Investment,,10000.0
1688,01-06-2016,Money transfer,,10000.0
1689,01-06-2016,Food,1 Jar,25.0
1690,31-05-2016,Transportation,Permanent Residence to LB road,50.0
1691,30-05-2016,Subscription,,251.0
1692,29-05-2016,Food,sanitary napkins+chocolates+Maggie+khajoor,504.0
1693,22-05-2016,Health,hair cut+shaving,120.0
1694,22-05-2016,Transportation,Permanent Residence to nearby hospital,40.0
1695,19-05-2016,Food,agarbatti + icecream pack,180.0
1696,17-05-2016,Investment,Life Insurance,11286.0
1697,17-05-2016,Other,Aadhar mobile number and email id updated,100.0
1698,16-05-2016,Subscription,,251.0
1699,10-05-2016,Investment,,1000.0
1700,10-05-2016,Investment,Mutual fund C,1000.0
1701,07-05-2016,Investment,Mutual fund B,1000.0
1702,06-05-2016,Subscription,,251.0
1703,05-05-2016,Investment,,1000.0
1704,05-05-2016,Investment,Mutual fund A,1000.0
1705,03-05-2016,Subscription,,251.0
1706,02-05-2016,Other,flour mill,25.0
1707,01-05-2016,Investment,,10000.0
1708,01-05-2016,Money transfer,,10000.0
1709,28-04-2016,Subscription,Subscription,299.0
1710,26-04-2016,Food,dettol handwash + khari + toast + goodday,259.0
1711,24-04-2016,Subscription,kindle unlimited,169.0
1712,20-04-2016,Subscription,,251.0
1713,16-04-2016,Family,sensodyne toothbrush,50.0
1714,15-04-2016,Subscription,,251.0
1715,12-04-2016,Investment,,1000.0
1716,12-04-2016,Investment,Mutual fund C,1000.0
1717,11-04-2016,Subscription,,251.0
1718,11-04-2016,Food,,1279.0
1719,07-04-2016,Investment,Mutual fund B,1000.0
1720,05-04-2016,Investment,,1000.0
1721,05-04-2016,Investment,Mutual fund A,1000.0
1722,03-04-2016,Subscription,subscription 1 yr,300.0
1723,02-04-2016,Subscription,,251.0
1724,02-04-2016,Food,rasna orange,20.0
1725,02-04-2016,Transportation,LB road to Permanent Residence,50.0
1726,02-04-2016,Other,jeevan drop,30.0
1727,01-04-2016,Investment,,10000.0
1728,01-04-2016,Money transfer,,10000.0
1729,29-03-2016,Other,owalni,100.0
1730,28-03-2016,Other,hit spray(99)+biscuits+mask,159.0
1731,22-03-2016,Subscription,kindle unlimited,169.0
1732,21-03-2016,Subscription,,251.0
1733,20-03-2016,Food,sambhar masala,35.0
1734,20-03-2016,Other,print out,5.0
1735,16-03-2016,Social Life,Ganesh murthi,80.0
1736,15-03-2016,Subscription,Mobile Service Provider recharge wfh,251.0
1737,11-03-2016,Food,cheese cubes(2)+ neutralite butter,60.0
1738,11-03-2016,Other,watch repair,250.0
1739,11-03-2016,Education,Gel pens,20.0
1740,10-03-2016,Investment,,1000.0
1741,10-03-2016,Investment,Mutual fund C,1000.0
1742,08-03-2016,Investment,Mutual fund B,1000.0
1743,06-03-2016,Subscription,Mobile Service Provider recharge wfh,251.0
1744,05-03-2016,Investment,,1000.0
1745,05-03-2016,Investment,Mutual fund A,1000.0
1746,02-03-2016,Investment,,10000.0
1747,28-02-2016,Food,biscuits,70.0
1748,28-02-2016,Health,hair cut,100.0
1749,28-02-2016,Food, pedhe,100.0
1750,28-02-2016,Other,flour mill,11.0
1751,27-02-2016,Subscription,Mobile Service Provider recharge wfh,251.0
1752,27-02-2016,Other,moscuito racket,250.0
1753,27-02-2016,Food, pedhe,50.0
1754,26-02-2016,Money transfer,,10000.0
1755,24-02-2016,Subscription,audible subscription,199.0
1756,22-02-2016,Food,5star (2)+munch(2),40.0
1757,22-02-2016,Subscription,kindle unlimited,169.0
1758,20-02-2016,Food,biscuits,85.0
1759,14-02-2016,Food,bread (10)+Cadbury(10)+ cheese + myvaneese+pav bhaji masala,165.0
1760,13-02-2016,Transportation,within city,40.0
1761,13-02-2016,Health,hand gloves 4 pairs,80.0
1762,10-02-2016,Investment,,1000.0
1763,10-02-2016,Investment,Mutual fund C,1000.0
1764,08-02-2016,Investment,Mutual fund B,1000.0
1765,08-02-2016,Subscription,Mobile Service Provider recharge wfh,251.0
1766,07-02-2016,Food,,160.0
1767,05-02-2016,Investment,,1000.0
1768,05-02-2016,Investment,Mutual fund A,1000.0
1769,01-02-2016,Investment,,10000.0
1770,31-01-2016,Money transfer,,10000.0
1771,26-01-2016,Subscription,audible subscription,199.0
1772,22-01-2016,Subscription,kindle unlimited,169.0
1773,12-01-2016,Social Life,slippers,200.0
1774,11-01-2016,Investment,,1000.0
1775,11-01-2016,Investment,Mutual fund C,1000.0
1776,10-01-2016,Family,chalk for ants,15.0
1777,09-01-2016,Subscription,Mobile Service Provider recharge wfh,251.0
1778,08-01-2016,Other,laptop table,1994.0
1779,07-01-2016,Investment,Mutual fund B,1000.0
1780,05-01-2016,Investment,,1000.0
1781,05-01-2016,Investment,Mutual fund A,1000.0
1782,05-01-2016,Food,cake,350.0
1783,05-01-2016,Transportation,grandparents to Permanent Residence,30.0
1784,01-01-2016,Food,Everest pav bhaji masala,35.0
1785,01-01-2016,Investment,,10000.0
1786,01-01-2016,Money transfer,,10000.0
1787,01-01-2016,Food,Amul butter 100gm(4 pcs),192.0
1788,31-12-2015,Food,cake + balloon (150)+caps(50+40),540.0
1789,30-12-2015,Food,cake advance,100.0
1790,30-12-2015,Health,hair cut+shaving+dye+facial,2000.0
1791,26-12-2015,Other,flour mill,28.0
1792,26-12-2015,Other,audible subscription,199.0
1793,25-12-2015,Social Life,sliper,270.0
1794,25-12-2015,Family,dustbin bags,50.0
1795,21-12-2015,Other,kindle unlimited,169.0
1796,20-12-2015,Social Life,secret Santa - diary,465.0
1797,19-12-2015,Food,,80.0
1798,19-12-2015,Health,hand sanitizer,220.0
1799,19-12-2015,Health,eye drop maxmoist,235.0
1800,12-12-2015,Transportation,within city,50.0
1801,11-12-2015,Transportation,station to Permanent Residence,100.0
1802,10-12-2015,Investment,,1000.0
1803,10-12-2015,Investment,,1000.0
1804,08-12-2015,Other,flour mill,28.0
1805,07-12-2015,Investment,reliance mutual fund,1000.0
1806,05-12-2015,Investment,,1000.0
1807,05-12-2015,Food,Cadbury 2 + chips 2,90.0
1808,05-12-2015,Other,petrol,200.0
1809,05-12-2015,Investment,ICICI prudential,1000.0
1810,02-12-2015,Social Life,Kolhapuri chappal,325.0
1811,01-12-2015,Social Life,roadstar black fishermen sandals,773.0
1812,01-12-2015,Food,,84.0
1813,01-12-2015,Money transfer,,50000.0
1814,01-12-2015,Investment,,10000.0
1815,01-12-2015,Social Life,to Family,1024.0
1816,29-11-2015,Transportation,,50.0
1817,29-11-2015,Transportation,,30.0
1818,29-11-2015,Transportation,,40.0
1819,27-11-2015,Food,egg roll,25.0
1820,26-11-2015,Other,audible subscription,199.0
1821,21-11-2015,Other,Mobile Service Provider recharge wfh,251.0
1822,21-11-2015,Food,1 dozen,84.0
1823,14-11-2015,Other,flowers (.5kg)+sweets (.25gm+10/-)+vegetables (1.5kg),310.0
1824,12-11-2015,Food,egg roll,25.0
1825,10-11-2015,Investment,,1000.0
1826,10-11-2015,Investment, mutual fund,1000.0
1827,07-11-2015,Investment,reliance mutual fund,1000.0
1828,07-11-2015,Other,Mobile Service Provider recharge wfh,251.0
1829,05-11-2015,Investment,ICICI prudential,1000.0
1830,05-11-2015,Investment,,1000.0
1831,05-11-2015,Food,12 eggs,84.0
1832,04-11-2015,Investment,,10000.0
1833,03-11-2015,Transportation,Permanent Residence to nearby  hospital,40.0
1834,01-11-2015,Money transfer,,10000.0
1835,01-11-2015,Transportation,Locality V to Permanent Residence,70.0
1836,31-10-2015,Food,water bottle + khari sing,70.0
1837,31-10-2015,Transportation,b45 to Pandya bridge,71.0
1838,31-10-2015,Food,,10.0
1839,31-10-2015,Food,sweats,250.0
1840,31-10-2015,Health,face mask,150.0
1841,31-10-2015,Transportation,golden circle to b45,180.0
1842,30-10-2015,Health,hair cut,50.0
1843,30-10-2015,Transportation,Permanent Residence to kacheri,30.0
1844,29-10-2015,Transportation,redbus - brc to Place 2,665.0
1845,28-10-2015,Social Life,to Family,1000.0
1846,28-10-2015,Transportation,Place 2 to brc travels,660.0
1847,27-10-2015,Other,audible subscription,199.0
1848,25-10-2015,Family,Sapat Parivar Tea half kg,240.0
1849,24-10-2015,Family,plumber,100.0
1850,23-10-2015,Transportation,mandir to hospital,20.0
1851,23-10-2015,Other,hanger clips,40.0
1852,22-10-2015,Other,Mobile Service Provider recharge wfh,251.0
1853,21-10-2015,Other,toll+petrol,500.0
1854,18-10-2015,Social Life,belt + socs,1479.0
1855,18-10-2015,Transportation,Ola - Place 1 to Place 5 to and fro,803.0
1856,18-10-2015,Money transfer,,2000.0
1857,10-10-2015,Investment,,1000.0
1858,10-10-2015,Investment, mutual fund,1000.0
1859,07-10-2015,Investment,reliance mutual fund,1000.0
1860,07-10-2015,Social Life,kindle + gift wrap,8029.0
1861,05-10-2015,Investment,ICICI prudential,1000.0
1862,05-10-2015,Investment,,1000.0
1863,02-10-2015,Food,cold coffee,420.0
1864,01-10-2015,Investment,,10000.0
1865,30-09-2015,Other,phone cover,100.0
1866,28-09-2015,Other,Mobile Service Provider sim card,350.0
1867,28-09-2015,Health,6 pairs of use and throw gloves,120.0
1868,28-09-2015,Health,2 n95 masks,300.0
1869,27-09-2015,Other,audible subscription,199.0
1870,26-09-2015,Other,shoe polish,30.0
1871,21-09-2015,Other,Mobile Service Provider fi router,2099.0
1872,11-09-2015,Food,chicken lollypop + biryani,379.0
1873,10-09-2015,Investment, mutual fund,1000.0
1874,10-09-2015,Investment,,1000.0
1875,07-09-2015,Investment,reliance mutual fund,1000.0
1876,05-09-2015,Investment,,1000.0
1877,05-09-2015,Investment,ICICI prudential,1000.0
1878,01-09-2015,Investment,,10000.0
1879,31-08-2015,Money transfer,,10000.0
1880,31-08-2015,Other,Screw driver kit,287.0
1881,30-08-2015,Other,all out refill,72.0
1882,28-08-2015,Other,audible subscription,199.0
1883,14-08-2015,Family,mixer Philips 7756,3499.0
1884,13-08-2015,Other,internet renewal (3 months pack),1450.0
1885,10-08-2015,Investment,,1000.0
1886,10-08-2015,Investment, mutual fund,1000.0
1887,07-08-2015,Investment,reliance mutual fund,1000.0
1888,05-08-2015,Investment,,1000.0
1889,05-08-2015,Investment,ICICI prudential,1000.0
1890,03-08-2015,Family,,333.0
1891,02-08-2015,Money transfer,,10000.0
1892,02-08-2015,Investment,,10000.0
1893,02-08-2015,Family,,2500.0
1894,29-07-2015,Other,audible subscription,199.0
1895,19-07-2015,Other,Mobile Service Provider recharge 365 days,2599.0
1896,10-07-2015,Investment, mutual fund,1000.0
1897,10-07-2015,Investment,,1000.0
1898,09-07-2015,Other,earphones,459.0
1899,07-07-2015,Investment,reliance mutual fund,1000.0
1900,06-07-2015,Investment,ICICI prudential,1000.0
1901,06-07-2015,Investment,,1000.0
1902,02-07-2015,Other,splitwise settlement,312.0
1903,01-07-2015,Family,,333.0
1904,01-07-2015,Family,,2833.0
1905,01-07-2015,Money transfer,,10000.0
1906,01-07-2015,Investment,,10000.0
1907,29-06-2015,Other,Amazon prime,199.0
1908,23-06-2015,Other,Amazon prime,999.0
1909,10-06-2015,Investment, mutual fund,1000.0
1910,10-06-2015,Investment,,1000.0
1911,10-06-2015,Other,Tambola,50.0
1912,08-06-2015,Investment,reliance mutual fund,1000.0
1913,05-06-2015,Investment,ICICI prudential,1000.0
1914,05-06-2015,Investment,,1000.0
1915,01-06-2015,Family,,776.0
1916,01-06-2015,Family,,2543.0
1917,01-06-2015,Investment,,10000.0
1918,31-05-2015,Family,electricity bill,2671.0
1919,31-05-2015,Money transfer,,10000.0
1920,17-05-2015,Transportation,BR to mumbai,6000.0
1921,16-05-2015,Other,splitwise settlement,607.0
1922,16-05-2015,Food,bananas 1 kg,20.0
1923,16-05-2015,Food,milk half shakti,26.0
1924,15-05-2015,Food,milk half shakti,26.0
1925,14-05-2015,Other,internet renewal (3 months pack),1450.0
1926,13-05-2015,Health,N95 mask,250.0
1927,13-05-2015,Food,milk half shakti,26.0
1928,12-05-2015,Food,milk half shakti,26.0
1929,11-05-2015,Investment, mutual fund,1000.0
1930,11-05-2015,Investment,,1000.0
1931,11-05-2015,Food,onions,20.0
1932,11-05-2015,Food,milk half shakti,26.0
1933,10-05-2015,Family,sensodyne rapid fire,160.0
1934,09-05-2015,Health,hand sanitizer + surgical gloves,290.0
1935,09-05-2015,Food,milk half shakti,52.0
1936,09-05-2015,Food,gobi,20.0
1937,08-05-2015,Food,milk half shakti,26.0
1938,07-05-2015,Investment,reliance mutual fund,1000.0
1939,06-05-2015,Health,Limcee+,70.0
1940,05-05-2015,Investment,ICICI prudential,1000.0
1941,05-05-2015,Investment,,1000.0
1942,05-05-2015,Food,methi + palak,100.0
1943,05-05-2015,Food,milk half shakti,26.0
1944,03-05-2015,Investment,April -May 10k contribution,20000.0
1945,03-05-2015,Food,,1178.0
1946,03-05-2015,Family,,5000.0
1947,02-05-2015,Money transfer,,10000.0
1948,02-05-2015,Food,milk half shakti,28.0
1949,01-05-2015,Food,dahi,20.0
1950,28-04-2015,Food,milk half gold,28.0
1951,26-04-2015,Other,stationary (drawing book + black sketch pen),59.0
1952,26-04-2015,Food,eggs + bread,110.0
1953,26-04-2015,Food,srikhand,114.0
1954,24-04-2015,Food,snacks + veggie,420.0
1955,23-04-2015,Food,milk half gold,56.0
1956,18-04-2015,Other,hair oil,180.0
1957,18-04-2015,Food,snacks,324.0
1958,14-04-2015,Other,covid19 donation to PM fund,500.0
1959,13-04-2015,Investment, mutual fund,1000.0
1960,13-04-2015,Investment,,1000.0
1961,10-04-2015,Food,,699.0
1962,08-04-2015,Food,,156.0
1963,07-04-2015,Investment,,1000.0
1964,07-04-2015,Investment,reliance mutual fund,1000.0
1965,06-04-2015,Investment,ICICI prudential,1000.0
1966,05-04-2015,Money transfer,,10000.0
1967,04-04-2015,Food,,287.0
1968,04-04-2015,Food,,889.0
1969,04-04-2015,Other,cleaning drainage,300.0
1970,04-04-2015,Family,,50.0
1971,02-04-2015,Family,,5000.0
1972,01-04-2015,Food,toothbrush + biscuits,50.0
1973,29-03-2015,Health,kala hit,269.0
1974,29-03-2015,Food,,150.0
1975,25-03-2015,Family,,20.0
1976,24-03-2015,Food,,26.0
1977,23-03-2015,Food,,433.8
1978,23-03-2015,Family,refilling,20.0
1979,20-03-2015,Social Life,dry cleaning,100.0
1980,20-03-2015,Health,dentist check-up,3700.0
1981,19-03-2015,Family,cooker ring,50.0
1982,18-03-2015,Food,samosa+tea+veg cheese grill sandwich,53.0
1983,18-03-2015,Food,dal fry and chapati,25.0
1984,18-03-2015,Food,aloo paratha,20.0
1985,18-03-2015,Food,,26.0
1986,17-03-2015,Other,laptop repair,450.0
1987,16-03-2015,Health,dentist check-up,1000.0
1988,16-03-2015,Food,,20.0
1989,15-03-2015,Social Life,altering,30.0
1990,15-03-2015,Food,shakti + bread,36.0
1991,15-03-2015,Other,cycle air pumping,5.0
1992,14-03-2015,Social Life,ironing,40.0
1993,14-03-2015,Food,,26.0
1994,13-03-2015,Transportation,to office,10.0
1995,12-03-2015,Health,root canal due,1900.0
1996,12-03-2015,Food,,30.0
1997,11-03-2015,Investment,,1000.0
1998,11-03-2015,Food,,8.0
1999,10-03-2015,Transportation,train - ddr to brc cancellation charges,11.8
2000,10-03-2015,Investment, mutual fund,1000.0
2001,10-03-2015,Transportation,train - brc to ddr cancellation charges,11.8
2002,10-03-2015,Transportation,Place 0 to Bandra,20.0
2003,10-03-2015,Transportation,Current Residence to Place 0,10.0
2004,10-03-2015,Transportation,Bandra to Bandra terminus,20.0
2005,09-03-2015,Other,Amazon prime,129.0
2006,09-03-2015,Other,print out,6.0
2007,07-03-2015,Investment,reliance mutual fund,1000.0
2008,07-03-2015,Investment,,1000.0
2009,06-03-2015,Transportation,B45 to brc,10.0
2010,06-03-2015,Food,orange juice,25.0
2011,06-03-2015,Transportation,to office,10.0
2012,05-03-2015,Investment,ICICI prudential,1000.0
2013,05-03-2015,Health,,40.0
2014,04-03-2015,Food,mosambi juice,25.0
2015,03-03-2015,Family,water jar,108.0
2016,03-03-2015,Family,,17.0
2017,03-03-2015,Family,,333.0
2018,03-03-2015,Family,,1667.0
2019,03-03-2015,Health,painkillers,82.0
2020,03-03-2015,Health,root canal advance,3000.0
2021,02-03-2015,Food,,30.0
2022,02-03-2015,Money transfer,,10000.0
2023,02-03-2015,Family,,2833.0
2024,02-03-2015,Health,painkillers,226.0
2025,02-03-2015,Health,dentist check-up,300.0
2026,02-03-2015,Food,canteen lunch,25.0
2027,02-03-2015,Transportation,to office,10.0
2028,02-03-2015,Food,2 uttapam,40.0
2029,01-03-2015,Food,bananas,20.0
2030,01-03-2015,Food,At restaurant,80.0
2031,01-03-2015,Food,chicken manchow soup,88.0
2032,01-03-2015,Food,,6.0
2033,28-02-2015,Food,,26.0
2034,28-02-2015,Food,chicken thali,55.0
2035,28-02-2015,Food,,20.0
2036,26-02-2015,Food,,6.0
2037,26-02-2015,Transportation,office to vasna road,60.0
2038,26-02-2015,Food,eggs,30.0
2039,26-02-2015,Food,,26.0
2040,24-02-2015,Food,vegetable,160.0
2041,24-02-2015,Transportation,ola auto - BRC to b45,66.0
2042,24-02-2015,Food,,10.0
2043,23-02-2015,Transportation,Bandra to Bandra terminus,20.0
2044,23-02-2015,Transportation,Place 0 to Bandra,20.0
2045,23-02-2015,Social Life,shoe polish,20.0
2046,23-02-2015,Transportation,to and fro Mum to BRC,526.0
2047,23-02-2015,Other,splitwise settlement,4118.0
2048,19-02-2015,Health,face mask,45.0
2049,19-02-2015,Health,koflet,34.0
2050,19-02-2015,Food,milk 1lit ,60.0
2051,17-02-2015,Food,dinner,227.0
2052,16-02-2015,Food,kaju katli 250gm,249.0
2053,16-02-2015,Transportation,local - Place 0 to Place 5 return,30.0
2054,15-02-2015,Family,mixer repair,250.0
2055,15-02-2015,Other,Internet renewal,500.0
2056,15-02-2015,Food,pani puri,20.0
2057,15-02-2015,Transportation,local - vadala road to Place 0,15.0
2058,15-02-2015,Transportation,taxi - dadar to vadala road,34.0
2059,15-02-2015,Food,tea,20.0
2060,15-02-2015,Food,bread,15.0
2061,13-02-2015,Food,chana chat + tea,21.0
2062,13-02-2015,Food,milk half shakti,27.0
2063,12-02-2015,Food,Kurkure,10.0
2064,12-02-2015,Food,tea,12.0
2065,12-02-2015,Food,tea,10.0
2066,11-02-2015,Food,paneer 150 gm,54.0
2067,11-02-2015,Food,bread pakoda + tea,26.0
2068,10-02-2015,Food,grocery,60.0
2069,10-02-2015,Food,tea + kachuri,18.0
2070,10-02-2015,Food,tea,6.0
2071,09-02-2015,Food,paneer,35.0
2072,09-02-2015,Food,farsan + khari sing,150.0
2073,09-02-2015,Transportation,train - brc to mmct,176.0
2074,08-02-2015,Food,egg fried rice,86.0
2075,08-02-2015,Other,deo and amul milk,371.0
2076,08-02-2015,Other,Internet renewal,3400.0
2077,08-02-2015,Food,tea + biscuits,30.0
2078,07-02-2015,Food,tea,6.0
2079,05-02-2015,Food,water jar,375.0
2080,05-02-2015,Food,bhel,40.0
2081,05-02-2015,Food,snacks,21.0
2082,04-02-2015,Food,grocery,1178.0
2083,04-02-2015,Food,tea,30.0
2084,04-02-2015,Food,milk half shakti,26.0
2085,03-02-2015,Food,12 eggs,70.0
2086,03-02-2015,Food,tea,10.0
2087,03-02-2015,Food,grocery,107.0
2088,03-02-2015,Other,shoe repair,100.0
2089,03-02-2015,Food,chana chat + kachori,27.0
2090,03-02-2015,Other,garbage collector,50.0
2091,02-02-2015,Other,Permanent Residence money transfer,10000.0
2092,02-02-2015,Food,milk half shakti,26.0
2093,02-02-2015,Food,5 eggs,30.0
2094,01-02-2015,Food,milk half shakti,26.0
2095,01-02-2015,Family,electricity bill,784.0
2096,01-02-2015,Social Life,undergarments,248.0
2097,31-01-2015,Food,bananas,20.0
2098,31-01-2015,Food,bhindi,40.0
2099,30-01-2015,Transportation,auto - Genda circle to b45,100.0
2100,30-01-2015,Food,dinner treat,1004.0
2101,29-01-2015,Food,milk half shakti,26.0
2102,29-01-2015,Food,good day biscuits,38.0
2103,29-01-2015,Food,samosa,15.0
2104,27-01-2015,Food,chana chat,15.0
2105,27-01-2015,Food,tea,30.0
2106,26-01-2015,Food,milk half shakti,26.0
2107,26-01-2015,Food,paav,30.0
2108,26-01-2015,Food,grocery,311.0
2109,25-01-2015,Health,hair cut,60.0
2110,24-01-2015,Food,tea,30.0
2111,22-01-2015,Food,tea,20.0
2112,22-01-2015,Food,snacks,33.0
2113,21-01-2015,Food,grocery,120.0
2114,21-01-2015,Family,broom,60.0
2115,21-01-2015,Food,samosa + 2 tea,27.0
2116,21-01-2015,Transportation,train - bdts to brc,264.0
2117,21-01-2015,Transportation,train - brc to mmct,138.0
2118,21-01-2015,Food,milk half gold,28.0
2119,21-01-2015,Food,shev,50.0
2120,20-01-2015,Food,srikhand,65.0
2121,19-01-2015,Food,milk half gold,29.0
2122,18-01-2015,Food,vegetable,60.0
2123,18-01-2015,Food,tea,8.0
2124,18-01-2015,Food,milk half gold,29.0
2125,16-01-2015,Transportation,auto - GTR to hospital,30.0
2126,16-01-2015,Transportation,auto - Alk to GTR,50.0
2127,16-01-2015,Transportation,auto -  to race course,10.0
2128,15-01-2015,Food,Ratri Bazar,155.0
2129,15-01-2015,Transportation,auto - Amit nagar to b45,100.0
2130,15-01-2015,Food,tea,10.0
2131,14-01-2015,Food,3 bananas,13.0
2132,14-01-2015,Food,Lunch - chicken fried rice + chicken soup,120.0
2133,14-01-2015,Transportation,travels - Mumbai to brc,760.0
2134,13-01-2015,Other,Internet renewal,500.0
2135,13-01-2015,Food,tea,10.0
2136,12-01-2015,Transportation,bus - Chinchwad to kala,175.0
2137,12-01-2015,Transportation,ola auto - to Chinchwad transport bus stop,61.0
2138,11-01-2015,Health,shaving,50.0
2139,11-01-2015,Transportation,ola auto - wakad to GG skies,170.0
2140,10-01-2015,Transportation,auto -hospital to bridge,50.0
2141,10-01-2015,Transportation,travels - brc to pune,650.0
2142,10-01-2015,Other,garbage collector,50.0
2143,10-01-2015,Food,tea,20.0
2144,09-01-2015,Food,sprout chat,20.0
2145,09-01-2015,Other,participation fee - corporate cricket league,650.0
2146,08-01-2015,Food,tea+ bourbon,20.0
2147,07-01-2015,Food,sprout chat+tea+guava drink,31.0
2148,06-01-2015,Food,sprout chat,15.0
2149,06-01-2015,Food,tea,15.0
2150,05-01-2015,Other,rent,2833.0
2151,05-01-2015,Other,Family,333.0
2152,05-01-2015,Food,dinner,135.0
2153,05-01-2015,Other,cook,2250.0
2154,04-01-2015,Food,shev,35.0
2155,04-01-2015,Food,tea,20.0
2156,04-01-2015,Food,rice,175.0
2157,04-01-2015,Other,Investment,10000.0
2158,03-01-2015,Other,cricket expenses,223.0
2159,03-01-2015,Food,water jar,350.0
2160,03-01-2015,Food,milk half gold + 2 packs bourbon biscuits,49.0
2161,02-01-2015,Food,grocery,66.0
2162,02-01-2015,Other,Permanent Residence money transfer,10000.0
2163,02-01-2015,Food,4 eggs,28.0
2164,02-01-2015,Food,tea,10.0
2165,01-01-2015,Food,bendys chicken biryani,400.0
2166,01-01-2015,Transportation,share jeep - Place T top to base,20.0
2167,01-01-2015,Transportation,share jeep - Place T to brc,60.0
2168,01-01-2015,Social Life, monument,40.0
2169,01-01-2015,Food,Temple Prasad,200.0
2170,01-01-2015,Transportation,ropeway Place T to and fro,142.0
2171,01-01-2015,Transportation,share jeep - Place T base to top,20.0
2172,01-01-2015,Transportation,share auto - Place H to Place T base,20.0
2173,01-01-2015,Transportation,bus - brc to Place H,30.0
2174,01-01-2015,Food,tea,10.0
2175,01-01-2015,Transportation,share auto - hospital to brc station,10.0
